,avgTotalVolume,calculationPrice,change,changePercent,close,closeTime,companyName,delayedPrice,delayedPriceTime,extendedChange,extendedChangePercent,extendedPrice,extendedPriceTime,high,iexAskPrice,iexAskSize,iexBidPrice,iexBidSize,iexLastUpdated,iexMarketPercent,iexRealtimePrice,iexRealtimeSize,iexVolume,latestPrice,latestSource,latestTime,latestUpdate,latestVolume,low,marketCap,open,openTime,peRatio,previousClose,primaryExchange,sector,symbol,week52High,week52Low,ytdChange
0,237.0,previousclose,0.0,0.0,,,"MDWerks, Inc.",,,,,,,,,,,,,,,,,0.0065,Previous close,"July 2, 2019",1598784605030.0,0,,113825.0,,,-0.02,0.0065,,,MDWK,0.26,0.002,2.16
1,1216698.0,close,0.48,0.02128,24.15,1588899150751.0,"NeoGenomics, Inc.",23.3,1569566337033.0,0.0,0.0,23.11,1611945880056.0,23.86,0.0,0.0,0.0,0.0,1566426103008.0,0.03376121167782784,23.97,104.0,13527.0,23.49,Close,"July 3, 2019",1585082077862.0,417910,23.06,2455110711.0,23.67,1603411458284.0,315.9,22.87,,,NEO,25.59,11.36,0.838097
2,9.0,previousclose,,,,,Bangkok Dusit Medical Services Public Co. Ltd.,,,,,,,,,,,,,,,,,,N/A,N/A,,0,,,,,,,,,BDUUF,0.78,0.7,-0.05479166927877995
3,40554.0,previousclose,0.0,0.0,,,Siemens Healthineers AG,,,-1.273,-0.06052,20.405,1570428877830.0,,,,,,,,,,,21.35,Previous close,"July 2, 2019",1638169994317.0,0,,,,,27.35,21.21,,,SMMNY,23.78,19.09,0.00907
4,1709.0,close,0.0,0.0,13.74,1633601918286.0,Golden House Ltd.,,,,,,,,,,,,,,,,,13.95,Close,"July 3, 2019",1571622796093.0,0,,0.0,,,,14.32,,,GOHO-IT,14.99,12.12,0.046726
5,0.0,previousclose,0.0,0.0,,,Nutrition Management Services Co.,,,,,,,,,,,,,,,,,0.3,Previous close,"June 28, 2019",1638085451931.0,0,,889430.0,,,6.0,0.3,,,NMSCA,0.3,0.1,1.352486
6,0.0,previousclose,0.0,0.0,,,"Fresenius Medical Care Holdings, Inc.",,,,,,,,,,,,,,,,,66.9,Previous close,"August 28, 2015",1506321977260.0,0,,0.0,,,,64.27,,,FSMEN,0.0,0.0,0.0
7,89903.0,close,-0.6,-0.00483,126.18,1625387233274.0,"U.S. Physical Therapy, Inc.",128.46,1611369187931.0,0.0,0.0,126.34,1632680298276.0,131.61,0.0,0.0,0.0,0.0,1573677122710.0,0.03113803959187605,125.7,100.0,1538.0,129.06,Close,"July 3, 2019",1617947536267.0,49970,126.16,1639864017.0,128.56,1594670668923.0,87.82,130.73,,,USPH,131.37,97.82,0.225636
8,336.0,previousclose,0.0,0.0,,,TransCoastal Corp.,,,,,,,,,,,,,,,,,0.02,Previous close,"July 2, 2019",1628622274530.0,0,,601595.0,,,-0.19,0.02,,,TCEC,0.03,0.02,0.0
9,0.0,previousclose,,,,,Apollo Medical Holdings Inc Warrants 2015-14.5.20 on Shs,,,,,,,,,,,,,,,,,,N/A,N/A,,0,,,,,,,AANDQS,hetirHael cevSs,AMEHW,0.0,0.0,0.0
10,329.0,previousclose,0.0,0.0,,,"Canfield Medical Supply, Inc.",,,,,,,,,,,,,,,,,0.81,Previous close,"July 2, 2019",1609487613572.0,0,,9157467.0,,,,0.8,,,CNMF,1.44,0.1,0.553988
11,5104.0,close,-0.1,-0.02749,3.9,1572940722343.0,"Diversicare Healthcare Services, Inc.",3.7,1566617651671.0,0.2,0.05477,4.0,1637359728450.0,4.3,0.0,0.0,0.0,0.0,1594762833613.0,0.03748655352726159,3.9,90.0,87.0,3.8,Close,"July 3, 2019",1626781380380.0,2395,3.8,25141752.0,3.99,1607597250836.0,-2.27,3.8,,,DVCR,7.19,1.59,0.31775
12,1734.0,previousclose,0.0,0.0,,,Pro Medicus Ltd.,,,,,,,,,,,,,,,,,18.5,Previous close,"July 2, 2019",1615491457156.0,0,,1924853469.0,,,147.67,17.98,,,PMCUF,18.66,5.68,1.383391
13,864.0,previousclose,0.0,0.0,,,"Greenbrook Tms, Inc.",,,,,,,,,,,,,,,,,2.4,Previous close,"July 2, 2019",1581825444810.0,0,,137914213.0,,,-17.72,2.36,,,GBOKF,3.0,2.09,0.087121
14,1000.0,close,-0.26,-0.01283,19.8,1636896708144.0,Lotus Eye Hospital & Institute Ltd.,,,,,,,,,,,,,,,,,20.51,Close,"July 3, 2019",1606425204839.0,0,,0.0,,,,20.4,,,532998-IB,33.7,18.9,-0.35222567238086117
15,96.0,previousclose,0.0,0.0,,,"GoooGreen, Inc.",,,,,,,,,,,,,,,,,1.31,Previous close,"July 2, 2019",1569765949461.0,0,,0.0,,,,1.27,,,GOOO,3.27,0.6056,0.27
16,2863.0,previousclose,0.0,0.0,,,Pharmagest Interactive SA,,,,,,,,,,,,,,,,,58.7,Previous close,"July 2, 2019",1586420608769.0,0,,0.0,,,,59.5,,,PHA-FP,67.0,49.2,0.101007
17,3537.0,previousclose,0.0,0.0,,,MD Medical Group Investments Plc,,,,,,,,,,,,,,,,,5.11,Previous close,"July 2, 2019",1581776415344.0,0,,0.0,,,,5.07,,,MDMG-LN,8.85,4.0,0.122392
18,339326.0,close,-0.0103,-0.02231,0.4666,1581249192759.0,"Protalix Biotherapeutics, Inc.",0.4701,1615194536327.0,0.0,0.0,0.4535,1603844767311.0,0.47,0.0,0.0,0.0,0.0,0.0,,0.0,0.0,0.0,0.4518,Close,"July 3, 2019",1574613097748.0,111632,0.4623,67819179.0,0.47,1629514637459.0,-2.6,0.48,,,PLX,0.84,0.27,0.337158
19,60.0,previousclose,0.0,0.0,,,NMC Health Plc,,,,,,,,,,,,,,,,,31.2,Previous close,"July 2, 2019",1582671686266.0,0,,6555047347.0,,,25.96,31.7,,,NMMCF,53.8,29.5,-0.165848
20,903304.0,close,0.12,0.02075,6.0,1611704880435.0,"Diplomat Pharmacy, Inc.",6.0,1603864968192.0,0.0,0.0,6.0,1632458369904.0,6.16,0.0,0.0,0.0,0.0,1625217063386.0,0.0385291496317259,6.135,104.0,10789.0,6.0,Close,"July 3, 2019",1616056449634.0,290006,5.91,459418343.0,5.97,1638386565088.0,-1.46,6.11,,,DPLO,28.1,4.26,-0.560744
21,1680477.0,close,1.21,0.05202,24.54,1586935428575.0,Invitae Corp.,25.3,1566395999370.0,0.17,0.007,25.16,1565413226392.0,24.43,0.0,0.0,0.0,0.0,1577373852654.0,0.020857526078138344,24.8,101.0,19794.0,25.36,Close,"July 3, 2019",1638179744804.0,980889,23.136,2255867081.0,23.75,1635129179784.0,-13.85,24.0,,,NVTA,27.72,7.61,1.1225441752436351
22,1100417.0,close,-0.23,-0.01778,13.02,1620523032217.0,"R1 RCM, Inc.",13.13,1572380241660.0,0.0,0.0,13.01,1607831034395.0,13.16,0.0,0.0,0.0,0.0,1602181887896.0,0.0318520173435075,13.21,1.0,9974.0,12.91,Close,"July 3, 2019",1573519870672.0,320469,12.8,1407653380.0,13.24,1609642262982.0,-35.02,13.11,,,RCM,13.13,7.2,0.64831
23,,previousclose,,,,,Thai Nakarin Hospital Public Co. Ltd.,,,,,,,,,,,,,,,,,,N/A,N/A,,0,,,,,,,,,THNHF,0.0,0.0,0.0
24,3825776.0,close,1.29,0.00515,247.82,1610256783479.0,"UnitedHealth Group, Inc.",250.87,1564249727955.0,0.01,4e-05,255.51,1584042021912.0,256.17,0.0,0.0,0.0,0.0,1579318689259.0,0.02457323058464033,254.2,101.0,60191.0,247.48,Close,"July 3, 2019",1611594023206.0,2664265,244.13,240513560360.0,251.84,1636220715604.0,19.17,246.15,,,UNH,301.83,210.07,0.007073
25,5258.0,previousclose,0.0,0.0,,,Value8 NV,,,,,,,,,,,,,,,,,5.6,Previous close,"July 2, 2019",1576670029873.0,0,,0.0,,,,5.6,,,VALUE-NA,6.69,4.57,0.184706
26,154.0,previousclose,0.0,0.0,,,Cordlife Group Ltd.,,,,,,,,,,,,,,,,,0.36,Previous close,"July 2, 2019",1590308855686.0,0,,90138152.0,,,21.53,0.36,,,CLIFF,0.3859,0.27,0.30952
27,21.0,previousclose,,,,,Blackout Media Corp.,,,,,,,,,,,,,,,,,,N/A,N/A,,0,,,,,,,,,BKMP,0.0001,0.0001,-1.0
28,37852.0,close,-0.42,-0.0052,82.53,1581332378857.0,National HealthCare Corp.,80.99,1590527629714.0,0.0,0.0,81.14,1564988247050.0,83.76,0.0,0.0,0.0,0.0,1577814188723.0,0.05734836282143334,81.77,100.0,548.0,83.71,Close,"July 3, 2019",1629791455146.0,9827,83.06,1247102643.0,81.8,1615566927531.0,15.32,81.75,,,NHC,89.86,72.06,0.041067
29,0.0,previousclose,,,,,"DNA Medical Technologies, Inc.",,,,,,,,,,,,,,,,,,N/A,N/A,,0,,,,,,,,,DNAT,0.0001,0.0001,-1.0
30,626921.0,close,0.06,0.06068,1.13,1577561691727.0,"AAC Holdings, Inc.",1.1,1628362532779.0,-0.02,-0.01905,1.12,1585700652796.0,1.13,0.0,0.0,0.0,0.0,1576377270949.0,0.01492526429564974,1.117,35.0,2801.0,1.09,Close,"July 3, 2019",1623069131451.0,189266,1.0,28940171.0,1.07,1625677408419.0,-0.37,1.07,,,AAC,10.81,0.623,-0.3177063347721871
31,493343.0,previousclose,0.0,0.0,,,"Petrone Worldwide, Inc.",,,,,,,,,,,,,,,,,0.0001,Previous close,"July 2, 2019",1605399558975.0,0,,53113.0,,,0.0,0.0001,,,PFWIQ,0.0006,0.0001,0.0
32,,previousclose,,,,,SHL Telemedicine Ltd.,,,,,,,,,,,,,,,,,,N/A,N/A,,0,,,,,,,,,SMDCF,0.0,0.0,0.0
33,,previousclose,,,,,Teem Laboratories Ltd.,,,,,,,,,,,,,,,,,,N/A,N/A,,0,,,,,,,,,507761-IB,0.0,0.0,0.0
34,128996.0,previousclose,0.0,0.0,,,CareTech Holdings Plc,,,,,,,,,,,,,,,,,3.9,Previous close,"July 2, 2019",1624724364777.0,0,,0.0,,,,3.9,,,CTH-LN,4.3,3.1,0.137794
35,1364167.0,previousclose,0.0,0.0,,,"AppSwarm, Inc.",,,,,,,,,,,,,,,,,0.0112,Previous close,"July 2, 2019",1588436464347.0,0,,497218.0,,,-22.4,0.0113,,,SWRM,0.11,0.008,0.237538
36,,previousclose,,,,,Fresenius Medical Care AG & Co. KGaA,,,,,,,,,,,,,,,,,,N/A,N/A,,0,,,,,,,,,FMEN-MM,0.0,0.0,0.0
37,249.0,previousclose,,,,,American Mobile Dental Corp.,,,,,,,,,,,,,,,,,,N/A,N/A,,0,,,,,,,,,AMBD,0.001,0.0001,0.0
38,148447.0,previousclose,0.0,0.0,,,Comprehensive Care Corp.,,,,,,,,,,,,,,,,,0.66,Previous close,"July 2, 2019",1574727405961.0,0,,44932466.0,,,8.52,0.66,,,CHCR,0.74,0.049,6.785512
39,9214.0,previousclose,0.0,0.0,,,WellQuest Medical & Wellness Corp.,,,,,,,,,,,,,,,,,0.0061,Previous close,"July 2, 2019",1630044576555.0,0,,224288.0,,,-0.54,0.0064,,,WEQL,0.0184,0.006,-0.14644
40,3009.0,previousclose,0.0,0.0,,,"Akumin, Inc.",,,,,,,,,,,,,,,,,3.7,Previous close,"July 2, 2019",1596598208269.0,0,,264167408.0,,,40.26,3.7,,,AKMNF,4.3,2.76,0.17558
41,220.0,previousclose,0.0,0.0,,,"Global Health Clinics, Inc.",,,,,,,,,,,,,,,,,0.041,Previous close,"July 2, 2019",1614526750105.0,0,,1993051.0,,,-0.49,0.0413,,,LRSNF,0.6,0.01,-0.60538
42,186.0,previousclose,0.0,0.0,,,"MedLink International, Inc.",,,,,,,,,,,,,,,,,0.0001,Previous close,"July 2, 2019",1614811043438.0,0,,4817.0,,,-0.2,0.0001,,,MLKNA,0.0001,0.0001,0.0
43,95.0,previousclose,0.0,0.0,,,Elinx Corp.,,,,,,,,,,,,,,,,,0.25,Previous close,"July 2, 2019",1562682500793.0,0,,13732.0,,,0.0,0.25,,,ELNX,6.7,0.013,1.5
44,,previousclose,,,,,MD Medical Group Investments Plc,,,,,,,,,,,,,,,,,,N/A,N/A,,0,,,,,,,,,14NY-LN,0.0,0.0,0.0
45,37.0,previousclose,0.0,0.0,,,"Gaensel Energy Group, Inc.",,,,,,,,,,,,,,,,,0.068,Previous close,"July 2, 2019",1618177151709.0,0,,1072062.0,,,-13.1,0.068,,,GEGR,0.067,0.068,0.0
46,103.0,previousclose,0.0,0.0,,,"Pacific Health Care Organization, Inc.",,,,,,,,,,,,,,,,,5.3,Previous close,"July 2, 2019",1629895440786.0,0,,17512665.0,,,13.61,5.3,,,PFHO,6.09,2.83,0.199229
47,0.0,close,0.0,0.0,38.2,1581943400873.0,Soni Medicare Ltd.,,,,,,,,,,,,,,,,,37.3,Close,"July 3, 2019",1613253203559.0,0,,0.0,,,,38.2,,,539378-IB,37.7,37.6,-0.008462
48,597.0,previousclose,0.0,0.0,,,"Agility Health, Inc.",,,,,,,,,,,,,,,,,0.005,Previous close,"July 2, 2019",1620770203719.0,0,,727390.0,,,-0.06,0.005,,,AGHEF,0.0398,0.005,-0.675474
49,,previousclose,,,,,Fleury SA,,,,,,,,,,,,,,,,,,N/A,N/A,,0,,,,,,,,,FLRYF,0.0,0.0,0.0
50,1596.0,previousclose,0.0,0.0,,,Total Brain Ltd.,,,,,,,,,,,,,,,,,0.05,Previous close,"July 2, 2019",1623801571418.0,0,,,,,,0.05,,,BRRZY,0.12,0.05,-0.602255
51,1521.0,previousclose,0.0,0.0,,,Medical Imaging Corp.,,,,,,,,,,,,,,,,,0.0064,Previous close,"July 2, 2019",1629585850002.0,0,,285040.0,,,-0.07,0.0065,,,MEDD,0.0225,0.0039,0.346589
52,1662926.0,close,2.87,0.02132,142.57,1621724025573.0,"HCA Healthcare, Inc.",140.79,1617540645009.0,0.0,0.0,144.85,1589925806549.0,138.95,0.0,0.0,0.0,0.0,1610702838875.0,0.07527460638666196,144.07,101.0,61128.0,142.74,Close,"July 3, 2019",1622089845188.0,811202,141.793,48932131302.0,141.21,1567581717091.0,13.17,137.24,,,HCA,149.38,107.34,0.13772
53,5720.0,previousclose,0.0,0.0,,,"Premier Diversified Holdings, Inc.",,,,,,,,,,,,,,,,,0.025,Previous close,"July 2, 2019",1566519130809.0,0,,3167903.0,,,-8.62,0.025,,,PRDGF,0.037,0.005,-0.2
54,102.0,previousclose,0.0,0.0,,,Ryman Healthcare Ltd.,,,,,,,,,,,,,,,,,7.7,Previous close,"July 2, 2019",1587963606632.0,0,,3963278781.0,,,17.9,7.7,,,RHCGF,9.21,7.38,-0.147764
55,9803.0,previousclose,0.0,0.0,,,Centric Health Corp.,,,,,,,,,,,,,,,,,0.1401,Previous close,"July 2, 2019",1610129745052.0,0,,29255380.0,,,-1.9,0.136,,,CHHHF,0.55,0.126,-0.36369
56,2327327.0,close,0.23,0.02944,8.06,1632600545660.0,"Brookdale Senior Living, Inc.",7.86,1572431337497.0,0.0,0.0,7.82,1618604799520.0,8.005,0.0,0.0,0.0,0.0,1581558903495.0,0.015970423670589647,7.859,103.0,13230.0,7.88,Close,"July 3, 2019",1562602490667.0,816411,7.71,1472885820.0,7.69,1575499998142.0,-13.1,7.73,,,BKD,10.5,6.16,0.18516970448755612
57,766.0,previousclose,0.0,0.0,,,"BioMark Diagnostics, Inc.",,,,,,,,,,,,,,,,,0.127,Previous close,"July 2, 2019",1588328525545.0,0,,0.0,,,,0.126,,,BMKDF,0.1546,0.0394,2.004163
58,,previousclose,,,,,Ping An Healthcare & Technology Co. Ltd.,,,,,,,,,,,,,,,,,,N/A,N/A,,0,,,,,,,,,PIAHY,0.0,0.0,0.0
59,1347.0,close,0.0,0.0,0.045,1586419883738.0,Venn Life Sciences Holdings Plc,,,,,,,,,,,,,,,,,0.046,Close,"June 27, 2019",1631118798348.0,0,,0.0,,,,0.046,,,CRO-ID,0.123,0.019,0.8
60,0.0,previousclose,0.0,0.0,,,"Bumrungrad Hospital Public Co., Ltd.",,,,,,,,,,,,,,,,,59.89,Previous close,"July 2, 2019",1568347936823.0,0,,,,,35.54,60.31,,,BUHPY,0.0,0.0,0.0
61,0.0,previousclose,0.0,0.0,,,"Scandia, Inc.",,,,,,,,,,,,,,,,,0.03,Previous close,"July 2, 2019",1585029326518.0,0,,0.0,,,,0.03,,,SDNI,0.1,0.0032,0.0
62,0.0,previousclose,0.0,0.0,,,Life Healthcare Group Holdings Ltd.,,,,,,,,,,,,,,,,,1.95,Previous close,"September 14, 2018",1565385501186.0,0,,2935180550.0,,,34.47,1.95,,,LTGHF,2.03,2.02,0.0
63,442.0,previousclose,0.0,0.0,,,Optimumcare Corp.,,,,,,,,,,,,,,,,,0.0024,Previous close,"July 2, 2019",1581679462993.0,0,,14160.0,,,-0.02,0.0024,,,OPMC,0.015,0.0014,0.4528
64,0.0,previousclose,0.0,0.0,,,"NexgenRx, Inc.",,,,,,,,,,,,,,,,,0.2242,Previous close,"December 31, 2018",1582090476649.0,0,,16283903.0,,,-43.81,0.2255,,,NEGXF,0.2274,0.1773,0.0
65,122194.0,close,-0.06,-0.00382,15.89,1577659214782.0,"Apollo Medical Holdings, Inc.",16.25,1631883600887.0,0.0,0.0,16.2,1619969965148.0,16.08,0.0,0.0,0.0,0.0,1602547836399.0,0.002669129788483094,16.29,102.0,201.0,16.09,Close,"July 3, 2019",1595032751866.0,78940,15.92,590606734.0,16.24,1569630249430.0,59.14,16.54,,,AMEH,29.6,13.5,-0.192125
66,,previousclose,,,,,Freehill Mining Ltd.,,,,,,,,,,,,,,,,,,N/A,N/A,,0,,,,,,,,,FHILF,0.0,0.0,0.0
67,431384.0,previousclose,0.0,0.0,,,RWS Holdings Plc,,,,,,,,,,,,,,,,,6.44,Previous close,"July 2, 2019",1631773572019.0,0,,0.0,,,,6.59,,,RWS-LN,6.92,3.99,0.399088
68,4.0,previousclose,0.0,0.0,,,"Mid-Atlantic Home Health Network, Inc.",,,,,,,,,,,,,,,,,0.3,Previous close,"July 2, 2019",1622181806865.0,0,,3678223.0,,,,0.3,,,MAHN,0.3,0.05,5.0
69,138.0,close,-0.05,-0.00491,10.82,1579742049820.0,Dhanvantri Jeevan Rekha Ltd.,,,,,,,,,,,,,,,,,10.47,Close,"July 3, 2019",1629412601947.0,0,,0.0,,,,10.8,,,531043-IB,30.0,10.43,-0.455098
70,,previousclose,,,,,"Anthem, Inc.",,,,,,,,,,,,,,,,,,N/A,N/A,,0,,,,,,,,,ANTM-MM,0.0,0.0,0.0
71,337999.0,previousclose,0.0,0.0,,,"CBA Florida, Inc.",,,,,,,,,,,,,,,,,0.0077,Previous close,"July 2, 2019",1629117004739.0,0,,9423586.0,,,0.8,0.0078,,,CBAI,0.0084,0.005,0.028675
72,593.0,close,-0.65,-0.0441,14.58,1612099834991.0,Medinova Diagnostic Services Ltd.,,,,,,,,,,,,,,,,,14.48,Close,"July 3, 2019",1567979252382.0,0,,0.0,,,,16.0,,,526301-IB,31.5,13.9,-0.155663
73,5612.0,previousclose,0.0,0.0,,,"American CareSource Holdings, Inc.",,,,,,,,,,,,,,,,,0.0072,Previous close,"July 2, 2019",1573466432254.0,0,,123546.0,,,0.0,0.0075,,,GNOW,0.1027,0.0051,0.029697
74,34.0,previousclose,0.0,0.0,,,"Help At Home, Inc.",,,,,,,,,,,,,,,,,0.5,Previous close,"July 2, 2019",1625912413785.0,0,,963194.0,,,-0.18,0.5,,,HAHI,0.5,0.02,0.0
75,2369.0,previousclose,0.0,0.0,,,AEON Global Health Corp.,,,,,,,,,,,,,,,,,0.179,Previous close,"July 2, 2019",1576569406906.0,0,,1716673.0,,,-0.4,0.174,,,AGHC,1.07,0.1618,-0.59
76,2807.0,previousclose,0.0,0.0,,,"Meridian Holdings, Inc.",,,,,,,,,,,,,,,,,0.015,Previous close,"July 2, 2019",1592308755859.0,0,,274303.0,,,-0.2,0.015,,,MRDH,0.16,0.01,0.5
77,731.0,close,11.0,0.04305,274.0,1571839574051.0,Dr. Agarwal's Eye Hospital Ltd.,,,,,,,,,,,,,,,,,277.0,Close,"July 3, 2019",1631778477621.0,0,,0.0,,,,266.0,,,526783-IB,619.3,245.45,-0.255734
78,13594.0,previousclose,0.0,0.0,,,HemaCare Corp.,,,,,,,,,,,,,,,,,12.9,Previous close,"July 2, 2019",1583271827660.0,0,,150335178.0,,,35.1,12.9,,,HEMA,16.0,7.72,0.23
79,171.0,previousclose,0.0,0.0,,,"Sienna Senior Living, Inc.",,,,,,,,,,,,,,,,,15.26,Previous close,"July 2, 2019",1573859714432.0,0,,983005364.0,,,141.19,15.45,,,LWSCF,15.5,12.01,0.2802
80,20758.0,previousclose,0.0,0.0,,,"CompuMed, Inc.",,,,,,,,,,,,,,,,,0.2187,Previous close,"July 2, 2019",1578412370976.0,0,,6802696.0,,,12.19,0.2156,,,CMPD,0.381,0.08,0.921476
81,,previousclose,,,,,Esperite NV,,,,,,,,,,,,,,,,,,N/A,N/A,,0,,,,,,,,,ESP-FP,0.0,0.0,0.0
82,22.0,previousclose,0.0,0.0,,,"EPS Holdings, Inc.",,,,,,,,,,,,,,,,,16.33,Previous close,"July 2, 2019",1624128486034.0,0,,714248275.0,,,20.35,16.05,,,EPLYF,20.11,16.09,-0.18756
83,1174518.0,close,0.25,0.0029,90.0,1566415935203.0,"Guardant Health, Inc.",89.0,1626904718929.0,0.0,0.0,89.0,1628749903690.0,90.58,0.0,0.0,0.0,0.0,1577109053775.0,0.019197625128627653,87.233,12.0,5315.0,88.0,Close,"July 3, 2019",1626748299216.0,273461,87.97,8111501916.0,86.2,1586553891052.0,-78.82,85.89,,,GH,108.75,27.71,1.385903709886269
84,,previousclose,,,,,China Wah Yan Healthcare Ltd.,,,,,,,,,,,,,,,,,,N/A,N/A,,0,,,,,,,,,CJEE-GY,0.0,0.0,0.0
85,114.0,previousclose,0.0,0.0,,,Value8 NV,,,,,,,,,,,,,,,,,26.7,Previous close,"July 2, 2019",1606830243975.0,0,,0.0,,,,27.0,,,PREVA-NA,29.4,24.3,0.037546
86,3054210.0,previousclose,0.0,0.0,,,"PAO Group, Inc.",,,-0.0006,-0.1929,0.0027,1597986393792.0,,,,,,,,,,,0.0033,Previous close,"July 2, 2019",1625561591613.0,0,,0.0,,,,0.0032,,,PAOG,0.008,0.0002,-0.49398
87,41070.0,previousclose,0.0,0.0,,,"SQI Diagnostics, Inc.",,,,,,,,,,,,,,,,,0.152,Previous close,"July 2, 2019",1621528402651.0,0,,0.0,,,,0.152,,,SQD-CV,0.178,0.05,0.8495
88,105548.0,previousclose,0.0,0.0,,,H-Source Holdings Ltd.,,,,,,,,,,,,,,,,,0.045,Previous close,"July 2, 2019",1571280067713.0,0,,2923512.0,,,-1.49,0.047,,,HSCHF,0.18,0.0252,-0.362823
89,16291.0,close,-0.21,-0.02091,10.08,1591491880134.0,Psychemedics Corp.,10.27,1566102273438.0,,,0.0,1596013141300.0,10.802,0.0,0.0,0.0,0.0,1620739511032.0,0.04687889492829925,10.0,101.0,408.0,10.29,Close,"July 3, 2019",1585145777359.0,9069,9.7,55044812.0,10.5,1638668512311.0,14.0,10.5,,,PMD,22.8,9.67,-0.399791
90,,previousclose,,,,,Curetis NV,,,,,,,,,,,,,,,,,,N/A,N/A,,0,,,,,,,,,CURE-BB,0.0,0.0,0.0
91,1687253.0,close,890.0,0.0239,39552.0,1579252405324.0,"HLB Co., Ltd.",,,,,,,,,,,,,,,,,39666.0,Close,"July 3, 2019",1617531620106.0,0,,0.0,,,,37930.0,,,028300-KP,131604.0,29263.0,-0.49875687470736974
92,2601.0,previousclose,0.0,0.0,,,Ventura Cannabis & Wellness Corp.,,,,,,,,,,,,,,,,,0.316,Previous close,"July 2, 2019",1583133139237.0,0,,10778093.0,,,-5.21,0.312,,,CVHIF,0.745,0.2318,0.348969
93,1711.0,close,-7.44,-0.01465,506.8,1565924300387.0,Eris Lifesciences Ltd.,,,,,,,,,,,,,,,,,507.6,Close,"July 3, 2019",1589389880348.0,0,,0.0,,,,526.11,,,540596-IB,802.4,495.0,-0.27354
94,1346.0,previousclose,0.0,0.0,,,MediClin AG,,,,,,,,,,,,,,,,,5.3,Previous close,"July 2, 2019",1566173258832.0,0,,0.0,,,,5.3,,,MED-GY,6.2,5.09,-0.091099
95,222.0,previousclose,,,,,"iBX Group, Inc.",,,,,,,,,,,,,,,,,,N/A,N/A,,0,,,,,,,,,IBXG,0.0001,0.0001,0.0
96,2189.0,close,2.4,0.02983,84.0,1597316363700.0,Tejnaksh Healthcare Ltd.,,,,,,,,,,,,,,,,,82.0,Close,"July 3, 2019",1636721750154.0,0,,0.0,,,,80.7,,,539428-IB,96.0,44.0,0.211437
97,,previousclose,,,,,CompuGroup Medical SE,,,,,,,,,,,,,,,,,,N/A,N/A,,0,,,,,,,,,COP1N-MM,0.0,0.0,0.0
98,17912.0,previousclose,0.0,0.0,,,Georgia Healthcare Group Plc,,,,,,,,,,,,,,,,,2.5,Previous close,"July 2, 2019",1619395145844.0,0,,0.0,,,,2.4,,,GHG-LN,2.9,1.91,0.212401
99,913893.0,close,-0.01,-0.00016,62.71,1600152668938.0,"Alcon, Inc.",62.89,1610983792522.0,0.27,0.00451,63.33,1630662095757.0,65.55,0.0,0.0,0.0,0.0,1639492175332.0,0.026700674998140935,64.1,7.0,15245.0,65.25,Close,"July 3, 2019",1626754093791.0,592298,63.21,31918472203.0,65.87,1583457776925.0,,63.21,,,ALC,65.48,54.11,0.07537484667191716
100,14385.0,previousclose,0.0,0.0,,,"Premier Diversified Holdings, Inc.",,,,,,,,,,,,,,,,,0.03,Previous close,"July 2, 2019",1598824676549.0,0,,0.0,,,,0.03,,,PDH-CV,0.045,0.005,0.5
101,0.0,previousclose,0.0,0.0,,,Kubota Pharmaceutical Holdings Co. Ltd.,,,,,,,,,,,,,,,,,5.0,Previous close,"July 2, 2019",1590495584691.0,0,,213357456.0,,,-7.5,5.0,,,KBBTF,9.2,2.28,1.224134
102,0.0,previousclose,0.0,0.0,,,IFCI International Corp.,,,,,,,,,,,,,,,,,0.0038,Previous close,"July 2, 2019",1627820546992.0,0,,211950.0,,,,0.0037,,,IFCI,0.02,0.002,-0.65
103,24941.0,previousclose,0.0,0.0,,,"Byzen Digital, Inc.",,,,,,,,,,,,,,,,,0.27,Previous close,"July 2, 2019",1637000058121.0,0,,133473.0,,,-0.17,0.27,,,BYZN,6.15,0.2,-0.98
104,4243363.0,previousclose,0.0,0.0,,,"Millennium Healthcare, Inc.",,,,,,,,,,,,,,,,,0.0001,Previous close,"July 2, 2019",1614164550215.0,0,,48809.0,,,0.0,0.0001,,,MHCC,0.08,0.0001,0.0
105,1790225.0,close,0.67,0.01177,58.1,1600492299271.0,"DaVita, Inc.",57.7,1583996679022.0,0.0,0.0,59.6,1584341353544.0,59.6,0.0,0.0,0.0,0.0,1632113802955.0,0.12379399273899062,58.9,36.0,123425.0,58.1,Close,"July 3, 2019",1596688236871.0,969786,58.34,9948105213.0,59.64,1638776992442.0,81.07,58.85,,,DVA,81.67,45.3,0.110438
106,10.0,previousclose,0.0,0.0,,,RaySearch Laboratories AB,,,,,,,,,,,,,,,,,8.0,Previous close,"July 2, 2019",1562723991552.0,0,,277667360.0,,,29.34,8.0,,,RSLBF,16.8,8.0,-0.146379
107,1197.0,previousclose,0.0,0.0,,,"Patient Portal Technologies, Inc.",,,,,,,,,,,,,,,,,0.0973,Previous close,"July 2, 2019",1622820948255.0,0,,489798.0,,,-0.11,0.1001,,,PPRG,0.1,0.03,1.774361
108,1997.0,previousclose,0.0,0.0,,,Cegedim SA,,,,,,,,,,,,,,,,,26.8,Previous close,"July 2, 2019",1596844472256.0,0,,0.0,,,,26.6,,,CGM-FP,35.2,19.0,0.276348
109,11458.0,previousclose,0.0,0.0,,,"EncounterCare Solutions, Inc.",,,,,,,,,,,,,,,,,0.3247,Previous close,"July 2, 2019",1594840429598.0,0,,15744221.0,,,-15.51,0.3301,,,ECSL,1.47,0.2285,-0.142129
110,468139.0,close,0.09,0.00533,17.22,1566793105390.0,"Hanger, Inc.",17.55,1629149989209.0,0.0,0.0,17.48,1572658628437.0,18.09,0.0,0.0,0.0,0.0,1589140751092.0,0.10585158534061272,17.59,103.0,23039.0,17.55,Close,"July 3, 2019",1563675557810.0,218921,17.76,640060073.0,17.45,1584898790152.0,43.4,17.39,,,HNGR,24.7,16.1,-0.092421
111,181.0,previousclose,0.0,0.0,,,"TIE Technologies, Inc.",,,,,,,,,,,,,,,,,0.0033,Previous close,"July 2, 2019",1589117426949.0,0,,0.0,,,,0.0033,,,TTCS,0.0068,0.0028,-0.520779
112,,previousclose,,,,,Encompass Health Corp.,,,,,,,,,,,,,,,,,,N/A,N/A,,0,,,,,,,,,EHC-MM,0.0,0.0,0.0
113,403208.0,previousclose,0.0,0.0,,,"Union Dental Holdings, Inc.",,,,,,,,,,,,,,,,,0.0012,Previous close,"July 2, 2019",1562123443054.0,0,,302466.0,,,3.0,0.0012,,,UDHI,0.0097,0.001,0.092934
114,278499.0,close,-0.0171,-0.02377,0.7138,1619537264946.0,"Interpace Diagnostics Group, Inc.",0.7122,1596671922855.0,0.0047,0.00672,0.716,1630296935029.0,0.7546,0.0,0.0,0.0,0.0,0.0,,0.0,0.0,0.0,0.733,Close,"July 3, 2019",1600529923007.0,69961,0.7095,27691543.0,0.7324,1624519377043.0,-1.73,0.753,,,IDXG,1.85,0.7057,-0.245062
115,3352.0,previousclose,0.0,0.0,,,"ER Urgent Care Holdings, Inc.",,,,,,,,,,,,,,,,,0.0001,Previous close,"July 2, 2019",1618652605872.0,0,,13980.0,,,0.04,0.0001,,,ERUC,0.001,0.0001,0.0
116,140.0,previousclose,0.0,0.0,,,Ryman Healthcare Ltd.,,,,,,,,,,,,,,,,,39.7,Previous close,"July 2, 2019",1594837282264.0,0,,,,,17.55,40.0,,,RYHTY,47.37,38.11,0.014834
117,4645.0,close,0.0,0.0,243.7,1592742566702.0,Danel (Adir Yeoshua) Ltd.,,,,,,,,,,,,,,,,,237.8,Close,"July 3, 2019",1563642286096.0,0,,0.0,,,,233.6,,,DANE-IT,240.1,160.7,0.246916
118,12827.0,previousclose,0.0,0.0,,,"Accelera Innovations, Inc.",,,,,,,,,,,,,,,,,0.0023,Previous close,"July 2, 2019",1564044296618.0,0,,181294.0,,,-0.26,0.0023,,,ACNV,0.0046,0.0012,0.583204
119,94.0,previousclose,0.0,0.0,,,Eurofins Scientific SE,,,,,,,,,,,,,,,,,376.0,Previous close,"July 2, 2019",1566081206784.0,0,,0.0,,,,371.0,,,ERFNV-FP,426.1,330.0,0.152965
120,11255.0,close,-0.197,-0.03123,6.411,1620025668390.0,"Fulgent Genetics, Inc.",6.54,1625565142656.0,-0.326,-0.05203,6.03,1620684904943.0,6.71,0.0,0.0,0.0,0.0,1567920184923.0,0.03131657243621198,6.3,312.0,1017.0,6.39,Close,"July 3, 2019",1620469746713.0,33442,5.4,114632659.0,6.28,1637542340978.0,-20.4,6.46,,,FLGT,7.96,3.08,0.804072
121,49733.0,previousclose,0.0,0.0,,,Eurofins Scientific SE,,,,,,,,,,,,,,,,,417.2,Previous close,"July 2, 2019",1568974730040.0,0,,0.0,,,,401.0,,,ERF-FP,508.1,304.3,0.220956
122,0.0,previousclose,0.0,0.0,,,Mediclinic International Plc,,,,,,,,,,,,,,,,,9.0,Previous close,"February 16, 2018",1545794376152.0,0,,,,,-33.96,9.0,,,ANHGY,0.0,0.0,0.0
123,33.0,previousclose,0.0,0.0,,,Rhön-Klinikum AG,,,,,,,,,,,,,,,,,29.4,Previous close,"July 2, 2019",1582811603874.0,0,,1987093393.0,,,18.55,28.9,,,RHKJF,29.9,25.78,0.122351
124,831.0,previousclose,0.0,0.0,,,Dragon Jade International Ltd.,,,,,,,,,,,,,,,,,2.77,Previous close,"July 2, 2019",1615617285259.0,0,,157198677.0,,,-126.23,2.84,,,DGJI,5.0,0.7,0.845162
125,,previousclose,,,,,"NeoGenomics, Inc.",,,,,,,,,,,,,,,,,,N/A,N/A,,0,,,,,,,,,NG9-GY,0.0,0.0,0.0
126,542161.0,previousclose,0.0,0.0,,,"Aleafia Health, Inc.",,,-0.141,-0.13501,0.9108,1573174883686.0,,,,,,,,,,,1.09,Previous close,"July 2, 2019",1633583971729.0,0,,295565237.0,,,-20.52,1.07,,,ALEAF,3.78,0.426,0.019336
127,12938.0,close,-0.04,-0.01391,2.97,1600904191258.0,American Shared Hospital Services,3.1,1624899900494.0,0.0,0.0,3.09,1637010929176.0,3.1,0.0,0.0,0.0,0.0,0.0,,0.0,0.0,0.0,3.0,Close,"July 3, 2019",1603610222791.0,17193,2.97,17304565.0,3.09,1563995556116.0,19.69,3.05,,,AMS,3.95,2.25,0.22184996111104457
128,9628.0,previousclose,0.0,0.0,,,"Red Branch Technologies, Inc.",,,,,,,,,,,,,,,,,0.0004,Previous close,"July 2, 2019",1574399490736.0,0,,78742.0,,,-0.2,0.0004,,,RBTI,0.005,0.0003,0.0
129,0.0,previousclose,,,,,"iKang Healthcare Group, Inc. Sponsored ADR Class A",205397.0,97764914.0,,,,,210270.0,20.93,302.0,21.25,304.0,0.0,,0.0,0.0,0.0,,N/A,N/A,,0,214718.0,,,,,,NAAQSD, vthaseiHelcerS,KANG,213473.0,0.0,0.0
130,0.0,close,0.0,0.0,0.92,1564200907240.0,Secunderabad Healthcare Ltd.,,,,,,,,,,,,,,,,,0.95,Close,"July 3, 2019",1613102825073.0,0,,0.0,,,,0.92,,,524540-IB,0.0,0.0,0.0
131,0.0,previousclose,0.0,0.0,,,Fresenius Medical Care AG & Co. KGaA,,,,,,,,,,,,,,,,,73.0,Previous close,"June 28, 2019",1598812393392.0,0,,0.0,,,,73.0,,,FMEN-GY,75.1,66.0,0.059423
132,131877.0,previousclose,0.0,0.0,,,Medical Facilities Corp.,,,,,,,,,,,,,,,,,12.96,Previous close,"July 2, 2019",1566569265477.0,0,,0.0,,,,12.73,,,DR-CT,18.07,12.08,-0.187027
133,1345.0,close,0.0,0.0,0.047,1613491452343.0,Open Orphan Plc,,,,,,,,,,,,,,,,,0.047,Close,"July 1, 2019",1609207728946.0,0,,0.0,,,,0.047,,,ORPH-ID,0.119,0.02,0.8
134,137814.0,previousclose,0.0,0.0,,,"Sienna Senior Living, Inc.",,,,,,,,,,,,,,,,,20.49,Previous close,"July 2, 2019",1564225391956.0,0,,0.0,,,,20.19,,,SIA-CT,20.2,15.45,0.240231
135,4140.0,previousclose,0.0,0.0,,,Medical Facilities Corp.,,,,,,,,,,,,,,,,,9.89,Previous close,"July 2, 2019",1635866423738.0,0,,308673505.0,,,47.34,9.7,,,MFCSF,13.44,9.01,-0.129479
136,12.0,previousclose,,,,,"LifeHouse Retirement Properties, Inc.",,,,,,,,,,,,,,,,,,N/A,N/A,,0,,,,,,,,,LHRP,0.0001,0.0001,0.0
137,152374.0,previousclose,0.0,0.0,,,"Extendicare, Inc.",,,,,,,,,,,,,,,,,8.61,Previous close,"July 2, 2019",1622237765947.0,0,,0.0,,,,8.63,,,EXE-CT,8.74,6.2,0.32608
138,,previousclose,,,,,"MEDNAX, Inc.",,,,,,,,,,,,,,,,,,N/A,N/A,,0,,,,,,,,,MD-MM,0.0,0.0,0.0
139,9588304.0,previousclose,0.0,0.0,,,"PPJ Healthcare Enterprises, Inc.",,,,,,,,,,,,,,,,,0.0002,Previous close,"July 2, 2019",1588635301540.0,0,,1608978.0,,,0.04,0.0002,,,PPJE,0.0005,0.0001,1.0
140,76760.0,previousclose,0.0,0.0,,,hVIVO Plc,,,,,,,,,,,,,,,,,0.2046,Previous close,"July 2, 2019",1625243931768.0,0,,0.0,,,,0.2101,,,HVO-LN,1.2,0.19,-0.275516
141,0.0,previousclose,0.0,0.0,,,CVS Group Plc,,,,,,,,,,,,,,,,,8.01,Previous close,"May 30, 2019",1609046664592.0,0,,550178361.0,,,60.7,7.79,,,CVSGF,12.34,6.71,-0.06158
142,2475.0,previousclose,0.0,0.0,,,Medica Sur SA de CV,,,,,,,,,,,,,,,,,24.2,Previous close,"July 2, 2019",1569998847937.0,0,,0.0,,,,23.8,,,MEDICAB-MM,40.0,22.8,-0.310601
143,594.0,close,26.0,0.03593,753.0,1606812532044.0,Kovai Medical Center & Hospital Ltd.,,,,,,,,,,,,,,,,,750.0,Close,"July 3, 2019",1578891073274.0,0,,0.0,,,,746.0,,,523323-IB,1150.0,680.0,0.091445
144,,previousclose,,,,,Medicover AB,,,,,,,,,,,,,,,,,,N/A,N/A,,0,,,,,,,,,MCVEF,0.0,0.0,0.0
145,150320.0,close,0.02,0.00111,19.14,1572108527454.0,"Catasys, Inc.",19.0,1581578955478.0,0.0,0.0,19.29,1626172197751.0,19.52,0.0,0.0,0.0,0.0,1626041209437.0,0.002743869704506833,19.52,1.0,342.0,19.71,Close,"July 3, 2019",1629487350418.0,123210,18.09,311170571.0,19.31,1622941831256.0,-23.92,19.52,,,CATS,21.75,6.5,1.0041907546403221
146,15531.0,close,0.11,0.05033,2.5,1621316225998.0,Concord Medical Services Holding Ltd.,2.4,1583142969182.0,0.15,0.05966,2.58,1630561465271.0,2.6,0.0,0.0,0.0,0.0,1572764829134.0,0.003656986194174165,2.6,103.0,311.0,2.4,Close,"July 3, 2019",1581134154524.0,84885,2.22,,2.34,1577304824924.0,-1.97,2.31,,,CCM,4.3,1.94,-0.310911
147,306380.0,close,5.0,0.00337,1525.0,1599761370249.0,"CHEMON, Inc.",,,,,,,,,,,,,,,,,1543.0,Close,"July 3, 2019",1593676105529.0,0,,0.0,,,,1496.0,,,217600-KP,2502.0,1426.0,-0.044692
148,,previousclose,,,,,Innovative Pharmaceutical Biotech Ltd.,,,,,,,,,,,,,,,,,,N/A,N/A,,0,,,,,,,,,INNBF,0.0,0.0,0.0
149,4560.0,close,3.55,0.02506,152.0,1639875720875.0,HealthCare Global Enterprises Ltd.,,,,,,,,,,,,,,,,,155.1,Close,"July 3, 2019",1601013936348.0,0,,0.0,,,,153.55,,,539787-IB,299.0,152.0,-0.203443
150,341.0,previousclose,0.0,0.0,,,"UMC, Inc.",,,,,,,,,,,,,,,,,0.002,Previous close,"July 2, 2019",1630521870299.0,0,,61663.0,,,-0.15,0.002,,,UMCN,0.0023,0.0015,0.44748
151,286582.0,close,0.3,0.0041,73.7,1639861297093.0,"Magellan Health, Inc.",74.77,1620853550710.0,0.0,0.0,75.92,1631030339702.0,74.46,0.0,0.0,0.0,0.0,1593710278870.0,0.01839169140607114,75.555,104.0,1596.0,75.47,Close,"July 3, 2019",1567540239199.0,87068,75.24,1802497569.0,74.58,1564448470547.0,142.0,73.56,,,MGLN,100.55,52.45,0.330027
152,771299.0,close,1.25,0.0255,48.11,1588653259068.0,"Stericycle, Inc.",49.73,1595059493675.0,0.0,0.0,49.33,1582788501422.0,48.9,0.0,0.0,0.0,0.0,1617990260595.0,0.07633967322344434,49.02,102.0,22679.0,48.92,Close,"July 3, 2019",1589574597228.0,296725,48.499,4491006685.0,49.25,1570642016225.0,-14.76,47.44,,,SRCL,73.63,35.38,0.304464
153,1091.0,previousclose,0.0,0.0,,,"BioCorRx, Inc.",,,,,,,,,,,,,,,,,4.35,Previous close,"July 2, 2019",1614744976866.0,0,,13188395.0,,,-1.5,4.19,,,BICX,14.0,3.5,-0.325282
154,322718.0,previousclose,0.0,0.0,,,"Harvest Health & Recreation, Inc.",,,0.317,0.05112,6.552,1564799295900.0,,,,,,,,,,,6.22,Previous close,"July 2, 2019",1598698884875.0,0,,461139751.0,,,-9.77,6.43,,,HRVSF,11.22,3.8,0.171138
155,,previousclose,,,,,Healius Ltd.,,,,,,,,,,,,,,,,,,N/A,N/A,,0,,,,,,,,,PHCRF,0.0,0.0,0.0
156,1116.0,previousclose,0.0,0.0,,,Sonic Healthcare Ltd.,,,,,,,,,,,,,,,,,19.6,Previous close,"July 2, 2019",1596930580693.0,0,,9301556894.0,,,23.9,19.9,,,SKHCF,20.0,14.87,0.257818
157,1432.0,previousclose,0.0,0.0,,,"Big Tree Group, Inc.",,,,,,,,,,,,,,,,,0.0019,Previous close,"July 2, 2019",1632205177263.0,0,,25727.0,,,1.4,0.0018,,,BIGG,0.0036,0.0009,0.2
158,357.0,previousclose,0.0,0.0,,,MeVis Medical Solutions AG,,,,,,,,,,,,,,,,,30.8,Previous close,"July 2, 2019",1615724782822.0,0,,0.0,,,,29.9,,,M3V-GY,37.1,29.8,-0.078
159,478415.0,close,-0.04,-0.00496,8.35,1606620924949.0,"Surgery Partners, Inc.",8.14,1615200116391.0,0.0,0.0,8.28,1600264269485.0,8.31,0.0,0.0,0.0,0.0,1587332120800.0,0.02128857610378395,8.33,65.0,2441.0,8.18,Close,"July 3, 2019",1581868616348.0,113303,8.13,408099930.0,8.51,1609119655332.0,-1.7,8.4,,,SGRY,18.9,7.87,-0.210809
160,19051.0,close,0.2,0.0273,8.2,1603416215567.0,Scandent Imaging Ltd.,,,,,,,,,,,,,,,,,8.0,Close,"July 3, 2019",1577950132871.0,0,,0.0,,,,7.7,,,516110-IB,21.2,7.84,-0.437389
161,10675.0,previousclose,0.0,0.0,,,"HighCom Global Security, Inc.",,,,,,,,,,,,,,,,,0.007,Previous close,"July 2, 2019",1596788896004.0,0,,2711794.0,,,23.54,0.0068,,,HCGS,0.027,0.0058,-0.33
162,186.0,previousclose,,,,,TLC Vision Corp.,,,,,,,,,,,,,,,,,,N/A,N/A,,0,,,,,,,,,TLCVF,0.004,0.0001,-1.0
163,292275.0,previousclose,0.0,0.0,,,Zicix Corp.,,,,,,,,,,,,,,,,,0.038,Previous close,"July 2, 2019",1603921725589.0,0,,0.0,,,,0.036,,,ZICX,0.13,0.02,-0.1
164,1845.0,close,1.46,0.02813,56.0,1612977829335.0,Artemis Global Life Sciences Ltd.,,,,,,,,,,,,,,,,,55.0,Close,"July 3, 2019",1626224088194.0,0,,0.0,,,,54.83,,,540616-IB,94.6,49.1,-0.11569509124672642
165,,previousclose,,,,,"Amedisys, Inc.",,,,,,,,,,,,,,,,,,N/A,N/A,,0,,,,,,,,,AMED-MM,0.0,0.0,0.0
166,363.0,previousclose,0.0,0.0,,,Rhön-Klinikum AG,,,,,,,,,,,,,,,,,15.5,Previous close,"July 2, 2019",1623911120089.0,0,,,,,36.4,15.2,,,RKAGY,15.04,11.9,0.17072
167,813.0,previousclose,0.0,0.0,,,MATERNUS-Kliniken AG,,,,,,,,,,,,,,,,,1.8,Previous close,"July 2, 2019",1563351196131.0,0,,0.0,,,,1.79,,,MAK-GY,2.52,1.69,-0.049381
168,51682.0,previousclose,0.0,0.0,,,United American Healthcare Corp.,,,,,,,,,,,,,,,,,0.1421,Previous close,"July 2, 2019",1581723921708.0,0,,9803061.0,,,-117.64,0.1423,,,UAHC,0.386,0.07,0.170104
169,5195.0,previousclose,0.0,0.0,,,"BioTech Medics, Inc.",,,,,,,,,,,,,,,,,0.0026,Previous close,"July 2, 2019",1594048158762.0,0,,0.0,,,,0.0026,,,BMCS,0.0046,0.0002,0.795522
170,11.0,previousclose,0.0,0.0,,,"Dynacq Healthcare, Inc.",,,,,,,,,,,,,,,,,0.0262,Previous close,"July 2, 2019",1564499153660.0,0,,366885.0,,,-0.07,0.026,,,DYII,0.04,0.001,-0.373
171,0.0,previousclose,,,,,21st Century Oncology Holdings Inc Jr Conv Pfd Shs Non-Voting Series A,,,,,,,,,,,,,,,,,,N/A,N/A,,0,,,,,,,Si YrcNmAanEe,HalehevsecS tir,ICC-,0.0,0.0,0.0
172,261364.0,close,-0.14,-0.01016,14.65,1569342227555.0,"RadNet, Inc.",14.65,1605361740942.0,0.0,0.0,14.18,1599825855204.0,14.43,0.0,0.0,0.0,0.0,1584695334815.0,0.016451316464492882,14.361,3.0,1943.0,14.51,Close,"July 3, 2019",1581643428190.0,120136,14.49,721856315.0,14.3,1595988203472.0,19.77,14.49,,,RDNT,17.12,10.3,0.351687
173,2894.0,previousclose,0.0,0.0,,,Telo Genomics Corp.,,,,,,,,,,,,,,,,,0.0072,Previous close,"July 2, 2019",1597523193073.0,0,,196028.0,,,-0.3,0.0072,,,TDSGF,0.2602,0.0043,-0.726159
174,376.0,previousclose,0.0,0.0,,,Eurofins Scientific SE,,,,,,,,,,,,,,,,,475.95,Previous close,"July 2, 2019",1616416256745.0,0,,8330549166.0,,,32.2,461.1,,,ERFSF,594.0,334.0,0.243631
175,,previousclose,,,,,"Global Health Clinics, Inc.",,,,,,,,,,,,,,,,,,N/A,N/A,,0,,,,,,,,,L002-GY,0.0,0.0,0.0
176,,previousclose,,,,,"SHIP HEALTHCARE HOLDINGS, INC.",,,,,,,,,,,,,,,,,,N/A,N/A,,0,,,,,,,,,SHHPF,0.0,0.0,0.0
177,318794.0,close,-0.05,-0.0139,3.79,1603033088237.0,"Aptinyx, Inc.",3.85,1616924787396.0,0.026,0.00701,3.787,1582316579122.0,3.93,0.0,0.0,0.0,0.0,1627127829473.0,0.0276161871564061,3.847,101.0,2543.0,3.86,Close,"July 3, 2019",1566549444126.0,89470,3.68,130713283.0,3.92,1581111890022.0,-1.18,3.83,,,APTX,33.32,3.01,-0.819165
178,1423513.0,close,3.15,0.0123,274.31,1630202317691.0,"Humana, Inc.",273.84,1584117867463.0,1.54,0.00593,264.18,1575798153031.0,272.29,0.0,0.0,0.0,0.0,1598413459045.0,0.04171042094651282,266.37,31.0,20639.0,271.72,Close,"July 3, 2019",1615924405205.0,484663,260.87,36852609738.0,272.12,1629056903904.0,20.9,267.62,,,HUM,362.61,231.24,-0.069608
179,2233723.0,close,0.0,0.0,2.76,1595610511504.0,"Community Health Systems, Inc.",2.84,1569215488227.0,0.0,0.0,2.74,1609969723145.0,2.9,0.0,0.0,0.0,0.0,1624018453873.0,0.02813755519378003,2.84,58.0,27263.0,2.86,Close,"July 3, 2019",1627198247003.0,995253,2.735,331499400.0,2.76,1608396878890.0,-0.37,2.8,,,CYH,5.56,2.4,-0.145136
180,7781.0,previousclose,0.0,0.0,,,"Viemed Healthcare, Inc.",,,,,,,,,,,,,,,,,7.53,Previous close,"July 2, 2019",1623154756441.0,0,,286649379.0,,,29.5,7.82,,,VIEMF,8.0,2.96,0.979352
181,77278.0,close,0.02,0.00347,6.04,1574655437594.0,Global Cord Blood Corp.,6.1,1605499179905.0,-0.02,-0.00348,6.0,1593919348584.0,5.86,0.0,0.0,0.0,0.0,0.0,,0.0,0.0,0.0,5.96,Close,"July 3, 2019",1621867944829.0,10527,5.78,724091498.0,6.11,1637874864305.0,16.6,5.9,,,CO,9.74,4.88,-0.061477
182,1243911.0,previousclose,0.0,0.0,,,Esperite NV,,,,,,,,,,,,,,,,,0.071,Previous close,"July 2, 2019",1634128092451.0,0,,0.0,,,,0.072,,,ESP-NA,0.318,0.056,-0.455849
183,77684.0,previousclose,0.0,0.0,,,"Biotech Products Services & Research, Inc.",,,,,,,,,,,,,,,,,0.0272,Previous close,"July 2, 2019",1626484876426.0,0,,11792070.0,,,-0.3,0.0273,,,BPSR,0.1,0.0043,4.039355
184,0.0,previousclose,,,,,"Strategic Healthcare Systems, Inc.",,,,,,,,,,,,,,,,,,N/A,N/A,,0,,,,,,,,,SHCS,0.0,0.0,0.0
185,1524.0,previousclose,0.0,0.0,,,"Novo Integrated Sciences, Inc.",,,,,,,,,,,,,,,,,1.0,Previous close,"July 2, 2019",1635013334323.0,0,,225797675.0,,,-288.36,1.0,,,NVOS,3.08,0.6186,-0.5
186,,previousclose,,,,,Phenix Property NV,,,,,,,,,,,,,,,,,,N/A,N/A,,0,,,,,,,,,1163866-BB,0.0,0.0,0.0
187,96215.0,previousclose,0.0,0.0,,,CompuGroup Medical SE,,,,,,,,,,,,,,,,,72.28,Previous close,"July 2, 2019",1607828345375.0,0,,0.0,,,,73.41,,,COP-GY,75.2,39.63,0.781032
188,182251.0,close,21.0,0.00973,2164.0,1581463166011.0,"HS Vital Co., Ltd.",,,,,,,,,,,,,,,,,2174.0,Close,"July 3, 2019",1633275765512.0,0,,0.0,,,,2159.0,,,204990-KP,5033.0,1646.0,-0.037261
189,,previousclose,,,,,"EM Systems Co., Ltd.",,,,,,,,,,,,,,,,,,N/A,N/A,,0,,,,,,,,,EMKAF,0.0,0.0,0.0
190,0.0,previousclose,0.0,0.0,,,"Universal Health Services, Inc.",,,,,,,,,,,,,,,,,145.82,Previous close,"July 2, 2019",1608902910290.0,0,,13488376080.0,,,17.7,147.02,,,UHID,0.0,0.0,0.0
191,421956.0,previousclose,0.0,0.0,,,Siemens Healthineers AG,,,,,,,,,,,,,,,,,38.17,Previous close,"July 2, 2019",1605566051096.0,0,,0.0,,,,38.13,,,SHL-GY,40.93,33.4,0.011698
192,1022.0,previousclose,0.0,0.0,,,Spire Healthcare Group Plc,,,,,,,,,,,,,,,,,1.64,Previous close,"December 31, 2018",1613986643277.0,0,,642895208.0,,,42.41,1.6,,,SRRHF,1.72,1.53,0.0
193,8.0,previousclose,,,,,"National Quality Care, Inc.",,,,,,,,,,,,,,,,,,N/A,N/A,,0,,,,,,,,,NQCI,0.0,0.0,0.0
194,0.0,previousclose,0.0,0.0,,,ADS Diagnostic Ltd.,,,,,,,,,,,,,,,,,11.67,Previous close,"February 15, 2019",1551410035585.0,0,,0.0,,,,11.41,,,523031-IB,0.0,0.0,0.0
195,,previousclose,,,,,"Wenzhou Kangning Hospital Co., Ltd.",,,,,,,,,,,,,,,,,,N/A,N/A,,0,,,,,,,,,WZHUF,0.0,0.0,0.0
196,,previousclose,,,,,Innovative Pharmaceutical Biotech Ltd.,,,,,,,,,,,,,,,,,,N/A,N/A,,0,,,,,,,,,FEPTY,0.0,0.0,0.0
197,6035.0,previousclose,0.0,0.0,,,"NexgenRx, Inc.",,,,,,,,,,,,,,,,,0.26,Previous close,"July 2, 2019",1621555065560.0,0,,0.0,,,,0.27,,,NXG-CV,0.32,0.23,0.020097
198,1349.0,previousclose,0.0,0.0,,,"ReGen Biologics, Inc.",,,,,,,,,,,,,,,,,0.0017,Previous close,"July 2, 2019",1620193649602.0,0,,15829.0,,,0.0,0.0016,,,RGBOQ,0.1,0.0001,-0.95
199,0.0,previousclose,0.0,0.0,,,Healthscope Ltd.,,,,,,,,,,,,,,,,,1.7,Previous close,"May 24, 2019",1563253508761.0,0,,0.0,,,,1.7,,,HSCPF,1.7,1.8,0.0
200,133.0,previousclose,0.0,0.0,,,"CMIC Holdings Co., Ltd.",,,,,,,,,,,,,,,,,14.86,Previous close,"July 2, 2019",1574271591632.0,0,,267385136.0,,,11.7,14.58,,,CMICF,21.89,14.3,-0.32771
201,56626.0,close,0.04,0.0138,3.21,1634792319514.0,VolitionRX Ltd.,3.14,1572960318843.0,0.0,0.0,3.18,1634156558641.0,3.17,0.0,0.0,0.0,0.0,0.0,,0.0,0.0,0.0,3.08,Close,"July 3, 2019",1577846024068.0,21273,3.11,122574175.0,3.19,1584277690640.0,-6.0,3.14,,,VNRX,3.65,1.44,0.39381
202,2615.0,close,-0.05,-0.03279,1.6,1598133666381.0,"SunLink Health Systems, Inc.",1.6,1592154055852.0,0.0,0.0,1.6,1635347848516.0,1.53,0.0,0.0,0.0,0.0,0.0,,0.0,0.0,0.0,1.5,Close,"July 3, 2019",1628393909234.0,2414,1.5,10644090.0,1.6,1631004888175.0,-3.7,1.61,,,SSY,2.05,0.8191,0.31894725780905026
203,1060.0,previousclose,0.0,0.0,,,"Cryo-Cell International, Inc.",,,,,,,,,,,,,,,,,8.0,Previous close,"July 2, 2019",1593630740362.0,0,,63320736.0,,,31.05,8.1,,,CCEL,9.4,5.6,0.108075
204,249650.0,previousclose,0.0,0.0,,,eWellness Healthcare Corp.,,,0.0006,0.008,0.0773,1583016078770.0,,,,,,,,,,,0.076,Previous close,"July 2, 2019",1566754914210.0,0,,16721625.0,,,-2.31,0.077,,,EWLL,0.353,0.047,-0.691767
205,3943.0,close,0.6,0.01622,39.81,1600704919989.0,Indraprastha Medical Corp. Ltd.,,,,,,,,,,,,,,,,,39.86,Close,"July 3, 2019",1598987696192.0,0,,0.0,,,,38.01,,,532150-IB,51.5,36.6,-0.00725
206,,previousclose,,,,,"Universal Health Services, Inc.",,,,,,,,,,,,,,,,,,N/A,N/A,,0,,,,,,,,,UHS-MM,0.0,0.0,0.0
207,142.0,previousclose,0.0,0.0,,,Bangkok Dusit Medical Services Public Co. Ltd.,,,,,,,,,,,,,,,,,32.74,Previous close,"July 2, 2019",1630617611598.0,0,,,,,28.38,32.79,,,BDUUY,33.42,30.07,0.0
208,949986.0,close,-0.16,-0.00913,17.22,1604703423927.0,"Tivity Health, Inc.",16.6,1590773747575.0,0.0,0.0,16.44,1628147389378.0,17.06,0.0,0.0,0.0,0.0,1614288045219.0,0.1554904996004434,16.745,104.0,42526.0,16.96,Close,"July 3, 2019",1566916445616.0,282424,16.9,810341855.0,16.61,1569750812889.0,8.52,16.66,,,TVTY,43.47,16.99,-0.3453
209,,previousclose,,,,,Centene Corp.,,,,,,,,,,,,,,,,,,N/A,N/A,,0,,,,,,,,,CNC-MM,0.0,0.0,0.0
210,0.0,previousclose,,,,,"Somatic Systems, Inc.",,,,,,,,,,,,,,,,,,N/A,N/A,,0,,,,,,,,,SMAS,0.0001,0.0001,0.0
211,0.0,previousclose,0.0,0.0,,,"BML, Inc.",,,,,,,,,,,,,,,,,26.59,Previous close,"August 28, 2015",1488615357135.0,0,,1116146657.0,,,18.34,25.52,,,BMLKF,0.0,0.0,0.0
212,9.0,previousclose,0.0,0.0,,,"Aspyra, Inc.",,,,,,,,,,,,,,,,,0.26,Previous close,"July 2, 2019",1569354310491.0,0,,43871.0,,,0.0,0.26,,,APYI,0.26,0.19,0.394949
213,225447.0,close,0.1,0.01455,7.3,1634290582251.0,"American Renal Associates Holdings, Inc.",7.5,1625521747646.0,0.0,0.0,7.4,1568586202413.0,7.59,0.0,0.0,0.0,0.0,1630052766782.0,0.011645493836141172,7.26,1.0,2121.0,7.4,Close,"July 3, 2019",1630335401175.0,188626,7.15,244482750.0,7.46,1564860889262.0,-14.93,7.3,,,ARA,24.83,5.66,-0.401699
214,0.0,previousclose,,,,,"Medgroup, Inc. (California)",,,,,,,,,,,,,,,,,,N/A,N/A,,0,,,,,,,,,MDGP,0.0,0.0,0.0
215,96830.0,close,5.6,0.01558,373.21,1625179329057.0,Chemed Corp.,383.49,1612531655831.0,0.0,0.0,373.64,1574094112199.0,385.42,0.0,0.0,0.0,0.0,1635725108454.0,0.016175993461482636,388.22,18.0,1313.0,374.28,Close,"July 3, 2019",1622639231015.0,80273,379.17,5967783542.0,370.1,1617280646104.0,29.19,378.81,,,CHE,380.71,267.82,0.346229
216,0.0,previousclose,0.0,0.0,,,"Cancer Treatment Holdings, Inc.",,,,,,,,,,,,,,,,,0.06,Previous close,"May 3, 2019",1610544889211.0,0,,206979.0,,,-0.19,0.06,,,CTHZ,0.4,0.06,-0.760171
217,1634.0,previousclose,0.0,0.0,,,"Medical Supply International USA, Inc.",,,,,,,,,,,,,,,,,0.1,Previous close,"July 2, 2019",1631275815673.0,0,,0.0,,,,0.1,,,MSIU,0.3567,0.04,-0.339311
218,3502.0,close,-0.15,-0.00141,109.0,1568199273047.0,Shalby Ltd.,,,,,,,,,,,,,,,,,111.0,Close,"July 3, 2019",1604383773232.0,0,,0.0,,,,108.69,,,540797-IB,183.3,109.0,-0.262022
219,0.0,previousclose,0.0,0.0,,,"Agility Health, Inc.",,,,,,,,,,,,,,,,,0.01,Previous close,"July 2, 2019",1579724752869.0,0,,0.0,,,,0.01,,,AHI-H-CV,0.065,0.01,-0.349188
220,15155.0,previousclose,0.0,0.0,,,Telo Genomics Corp.,,,,,,,,,,,,,,,,,0.026,Previous close,"July 2, 2019",1598193798766.0,0,,0.0,,,,0.026,,,TELO-CV,0.15,0.026,-0.174599
221,470881.0,close,0.09,0.01832,5.2,1604252103276.0,Capital Senior Living Corp.,5.3,1581031850806.0,-0.02,-0.00394,5.25,1614312418778.0,5.43,0.0,0.0,0.0,0.0,1564575330545.0,0.10707040851404533,5.27,101.0,17661.0,5.1,Close,"July 3, 2019",1629501695387.0,168666,5.13,158828942.0,5.0,1591380808098.0,-2.58,5.23,,,CSU,11.82,3.5,-0.278846
222,1692.0,close,0.8,0.01569,56.51,1568026126354.0,Fortis Malar Hospitals Ltd.,,,,,,,,,,,,,,,,,54.1,Close,"July 3, 2019",1568954286177.0,0,,0.0,,,,54.74,,,523696-IB,66.0,50.3,-0.016794
223,999479.0,close,0.19,0.00772,25.84,1633413376816.0,"MEDNAX, Inc.",25.75,1614141002324.0,0.1,0.004,25.42,1594400070129.0,25.74,0.0,0.0,0.0,0.0,1612256622809.0,0.03587522901754339,26.04,14.0,12812.0,26.21,Close,"July 3, 2019",1569939129150.0,370043,25.34,2209233903.0,25.47,1627986923154.0,-44.95,25.51,,,MD,49.24,23.69,-0.244916
224,68.0,previousclose,0.0,0.0,,,@Health SA,,,,,,,,,,,,,,,,,1.6,Previous close,"July 2, 2019",1623324893087.0,0,,0.0,,,,1.7,,,MLAHC-FP,7.6,0.994,0.140435
225,97527.0,close,0.85,0.0111,78.21,1578513556395.0,Addus HomeCare Corp.,77.99,1585309205477.0,0.0,0.0,78.74,1568700717614.0,78.03,0.0,0.0,0.0,0.0,1584986916980.0,0.002590974394065443,79.238,100.0,103.0,81.14,Close,"July 3, 2019",1586173787373.0,41602,76.97,1056655388.0,80.3,1594087130115.0,57.11,78.16,,,ADUS,79.74,55.89,0.194231
226,578.0,close,0.0,0.0,0.58,1562150992713.0,"Changming Industrial Management Group Holding, Inc.",,,,,,,,,,,,,,,,,0.57,Close,"July 2, 2019",1574919062244.0,0,,2380540.0,,,,0.58,,,CMIMD,3.0,0.072,5.917963
227,144639.0,previousclose,0.0,0.0,,,"Nanobac Pharmaceuticals, Inc.",,,,,,,,,,,,,,,,,0.0003,Previous close,"July 2, 2019",1628089290128.0,0,,78168.0,,,-0.01,0.0003,,,NNBP,0.0013,0.0001,0.0
228,11105.0,close,-0.05,-0.026,2.04,1569526686099.0,"Bioanalytical Systems, Inc.",2.01,1639061755040.0,0.02,0.01061,1.98,1620160513057.0,2.07,0.0,0.0,0.0,0.0,0.0,,0.0,0.0,0.0,2.03,Close,"July 3, 2019",1629210760042.0,1907,2.072,21003041.0,2.0,1569461184720.0,-20.96,2.0,,,BASI,2.2,1.2,0.483103
229,0.0,previousclose,0.0,0.0,,,RHT Health Trust,,,,,,,,,,,,,,,,,0.01,Previous close,"July 2, 2019",1570169289992.0,0,,8501117.0,,,0.69,0.01,,,RLGHF,0.616,0.01,-1.007444
230,5484.0,previousclose,0.0,0.0,,,Integrated Diagnostics Holdings Plc,,,,,,,,,,,,,,,,,5.3,Previous close,"July 2, 2019",1578363127430.0,0,,787408666.0,,,27.8,5.3,,,IDGXF,5.3,4.81,0.049452
231,54545.0,previousclose,0.0,0.0,,,Health Discovery Corp.,,,,,,,,,,,,,,,,,0.072,Previous close,"July 2, 2019",1621579974325.0,0,,19401758.0,,,-8.94,0.0717,,,HDVY,0.22,0.0033,10.53922
232,,previousclose,0.0,0.0,,,Qualicorp Consultoria e Corretora de Seguros SA,,,,,,,,,,,,,,,,,6.65,Previous close,"September 2, 2016",1496984576295.0,0,,1818909700.0,,,18.0,6.51,,,QUAIF,0.0,0.0,0.0
233,121144.0,previousclose,0.0,0.0,,,Curetis NV,,,,,,,,,,,,,,,,,0.707,Previous close,"July 2, 2019",1623738934395.0,0,,0.0,,,,0.698,,,CURE-NA,5.29,0.67,-0.551514
234,4084704.0,close,0.0048,0.03365,0.1518,1628377176419.0,Nobilis Health Corp.,0.144,1620465559572.0,-0.0002,-0.00138,0.147,1567072553772.0,0.15,0.0,0.0,0.0,0.0,1595693209202.0,0.0004472922612021905,0.1493,101.0,1017.0,0.1484,Close,"July 3, 2019",1629702912599.0,2311447,0.1436,11708856.0,0.15,1569776247214.0,7.39,0.1474,,,HLTH,1.26,0.1051,-0.6619841865224994
235,39299.0,close,-7.3,-0.0295,243.03,1580907962118.0,Narayana Hrudayalaya Ltd.,,,,,,,,,,,,,,,,,242.35,Close,"July 3, 2019",1595272472297.0,0,,0.0,,,,250.71,,,539551-IB,273.0,185.71,0.18770071596569876
236,11114.0,previousclose,0.0,0.0,,,Life Healthcare Group Holdings Ltd.,,,,,,,,,,,,,,,,,6.15,Previous close,"July 2, 2019",1627497958059.0,0,,,,,27.16,6.31,,,LTGHY,8.86,6.12,-0.182573
237,2003267.0,close,3.17,0.01917,165.8,1568952205277.0,Cigna Corp.,167.87,1633245738897.0,-0.64,-0.00385,167.5,1577583869400.0,167.27,0.0,0.0,0.0,0.0,1569930087343.0,0.030123763766120183,171.04,103.0,34993.0,169.28,Close,"July 3, 2019",1621988038646.0,1171159,168.0,64073852056.0,170.43,1565815749859.0,15.59,168.45,,,CI,227.2,147.47,-0.117049
238,34550.0,previousclose,0.0,0.0,,,"Wellness Center USA, Inc.",,,,,,,,,,,,,,,,,0.05,Previous close,"July 2, 2019",1564584929992.0,0,,5427164.0,,,-1.34,0.05,,,WCUI,0.2,0.0285,-0.144611
239,,previousclose,0.0,0.0,0.76,1620803317411.0,"IMAC Holdings, Inc.",,,0.47,0.64844,1.3,1629342829087.0,,0.0,0.0,0.0,0.0,0.0,,0.0,0.0,0.0,0.76,Previous close,"June 27, 2019",1613450193748.0,0,,6356437.0,0.7495,1561171004214.0,,0.74,,,IMACW,0.0,0.0,0.0
240,3255.0,close,0.0,0.0,1.1,1616269268688.0,Dolphin Medical Services Ltd.,,,,,,,,,,,,,,,,,1.2,Close,"July 3, 2019",1587447279153.0,0,,0.0,,,,1.1,,,526504-IB,1.61,0.59,0.458521
241,3643.0,close,-1.3,-0.00282,484.4,1571514694614.0,Thyrocare Technologies Ltd.,,,,,,,,,,,,,,,,,487.2,Close,"July 3, 2019",1621175006375.0,0,,0.0,,,,468.7,,,539871-IB,709.0,443.59,-0.15036969731398334
242,,previousclose,,,,,Japara Healthcare Ltd.,,,,,,,,,,,,,,,,,,N/A,N/A,,0,,,,,,,,,JRHHY,0.0,0.0,0.0
243,306.0,previousclose,0.0,0.0,,,"Alcon, Inc.",,,,,,,,,,,,,,,,,1205.01,Previous close,"July 2, 2019",1587426449330.0,0,,0.0,,,,1197.38,,,ALCN-MM,1245.53,1052.78,0.186273
244,575.0,close,-0.4,-0.00716,58.36,1610066087883.0,NG Industries Ltd.,,,,,,,,,,,,,,,,,57.61,Close,"July 3, 2019",1569401494549.0,0,,0.0,,,,58.91,,,530897-IB,79.0,53.0,-0.15576
245,0.0,previousclose,0.0,0.0,,,World Trade Systems Plc,,,,,,,,,,,,,,,,,0.047,Previous close,"July 2, 2019",1602220774357.0,0,,0.0,,,,0.047,,,WTS-LN,0.0,0.0,0.0
246,,previousclose,,,,,Virtus Health Ltd.,,,,,,,,,,,,,,,,,,N/A,N/A,,0,,,,,,,,,VTSHY,0.0,0.0,0.0
247,457570.0,close,0.33,0.00848,41.13,1633600484299.0,"Premier, Inc. (North Carolina)",40.78,1608855576095.0,0.0,0.0,40.12,1636431495479.0,39.72,0.0,0.0,0.0,0.0,1614759962795.0,0.06751289456957496,41.1,125.0,40649.0,39.51,Close,"July 3, 2019",1629752749233.0,629545,38.77,5150095011.0,39.61,1591640899914.0,-12.72,39.72,,,PINC,48.86,32.46,0.05609
248,2043.0,previousclose,0.0,0.0,,,NMC Health Plc,,,,,,,,,,,,,,,,,32.1,Previous close,"July 2, 2019",1582379526958.0,0,,,,,28.02,32.0,,,NMHLY,53.87,28.15,-0.051981
249,0.0,previousclose,0.0,0.0,,,"Fresenius Medical Care Holdings, Inc.",,,,,,,,,,,,,,,,,88.0,Previous close,"August 28, 2015",1456298849921.0,0,,0.0,,,,88.0,,,FSMEM,0.0,0.0,0.0
250,923559.0,close,0.76,0.00728,108.89,1588865342367.0,"Quest Diagnostics, Inc.",106.58,1607013300569.0,0.01,0.0001,105.93,1626159603819.0,106.35,0.0,0.0,0.0,0.0,1633686308722.0,0.05669088160772557,106.03,101.0,23039.0,106.81,Close,"July 3, 2019",1595280353538.0,414091,103.63,14571571660.0,105.26,1607588007537.0,20.36,103.68,,,DGX,118.34,79.56,0.27040921411168206
251,727.0,previousclose,0.0,0.0,,,"Ceres Ventures, Inc.",,,,,,,,,,,,,,,,,0.01,Previous close,"July 2, 2019",1583385427063.0,0,,895846.0,,,-2.5,0.01,,,CEVE,0.04,0.005,0.953717
252,27802.0,close,2.9,0.0227,128.8,1607822083273.0,Aster DM Healthcare Ltd.,,,,,,,,,,,,,,,,,133.6,Close,"July 3, 2019",1621367208755.0,0,,0.0,,,,128.0,,,540975-IB,193.0,127.2,-0.185017
253,463.0,previousclose,0.0,0.0,,,James Monroe Capital Corp.,,,,,,,,,,,,,,,,,0.0001,Previous close,"July 2, 2019",1621677120797.0,0,,0.0,,,,0.0001,,,JMON,0.0004,0.0001,0.0
254,,previousclose,,,,,China Wah Yan Healthcare Ltd.,,,,,,,,,,,,,,,,,,N/A,N/A,,0,,,,,,,,,CCWYF,0.0,0.0,0.0
255,39546.0,previousclose,0.0,0.0,,,Alternate Health Corp.,,,,,,,,,,,,,,,,,0.23,Previous close,"July 2, 2019",1604460982333.0,0,,17618665.0,,,-0.5,0.24,,,AHGIF,0.636,0.2235,-0.29062
256,20927.0,previousclose,0.0,0.0,,,Rhön-Klinikum AG,,,,,,,,,,,,,,,,,28.0,Previous close,"July 2, 2019",1640090458076.0,0,,0.0,,,,27.3,,,RHK-GY,28.6,21.42,0.2111
257,31430.0,close,-0.0099,-0.0205,0.4952,1567941062848.0,"Five Star Senior Living, Inc.",0.5204,1612887701391.0,0.02,0.04272,0.5,1622026225024.0,0.5192,0.0,0.0,0.0,0.0,1638868035008.0,0.03787172966830221,0.49,102.0,219.0,0.487,Close,"July 3, 2019",1567919996392.0,5752,0.456,24822300.0,0.4905,1600353549270.0,-0.25,0.5,,,FVE,1.45,0.32,-0.168447
258,898058.0,close,-61.0,-0.01023,5928.0,1606560547874.0,"UBcare Co., Ltd.",,,,,,,,,,,,,,,,,6029.0,Close,"July 3, 2019",1633682278035.0,0,,0.0,,,,6046.0,,,032620-KP,7224.0,3188.0,0.307458
259,250801.0,previousclose,0.0,0.0,,,Korian SA,,,,,,,,,,,,,,,,,35.6,Previous close,"July 2, 2019",1600627829352.0,0,,0.0,,,,35.3,,,KORI-FP,38.2,27.8,0.124245
260,819993.0,close,0.0,0.0,2.6,1577157826159.0,"BioScrip, Inc.",2.6,1573617797867.0,-0.04,-0.016,2.5,1600500841370.0,2.579,0.0,0.0,0.0,0.0,1610460393230.0,0.03684907928221277,2.592,54.0,9966.0,2.5,Close,"July 3, 2019",1624767455094.0,268800,2.53,322487211.0,2.62,1563792980530.0,-5.53,2.6,,,BIOS,4.33,1.63,-0.287649
261,,previousclose,,,,,Oceania Healthcare Ltd.,,,,,,,,,,,,,,,,,,N/A,N/A,,0,,,,,,,,,OCEHF,0.0,0.0,0.0
262,34704.0,close,0.14,0.01289,11.79,1573471956225.0,KMC Speciality Hospitals (India) Ltd.,,,,,,,,,,,,,,,,,11.71,Close,"July 3, 2019",1579935493066.0,0,,0.0,,,,11.71,,,524520-IB,21.1,8.67,-0.122264
263,213990.0,close,-0.03,-0.00456,6.95,1635214535122.0,"OptiNose, Inc.",6.97,1568205066143.0,0.0,0.0,6.99,1597998385405.0,7.2,0.0,0.0,0.0,0.0,1616268914222.0,0.20602239913113088,6.861,102.0,12766.0,6.86,Close,"July 3, 2019",1588413780017.0,65456,6.8,283812516.0,7.11,1593430784718.0,-2.65,6.96,,,OPTN,30.0,5.91,-0.013659
264,25937.0,previousclose,0.0,0.0,,,Pasha Brands Ltd.,,,,,,,,,,,,,,,,,0.4686,Previous close,"July 2, 2019",1607751478076.0,0,,92158762.0,,,-64.56,0.4715,,,CRFTF,0.72,0.3367,0.389527
265,0.0,previousclose,0.0,0.0,,,Qualicorp Consultoria e Corretora de Seguros SA,,,,,,,,,,,,,,,,,4.07,Previous close,"July 2, 2019",1640030780535.0,0,,,,,11.14,4.12,,,QULRY,4.41,3.0,0.000873
266,,previousclose,,,,,Summerset Group Holdings Ltd.,,,,,,,,,,,,,,,,,,N/A,N/A,,0,,,,,,,,,SMGRF,0.0,0.0,0.0
267,1084735.0,close,0.0,0.0,0.069,1637385125801.0,Open Orphan Plc,,,,,,,,,,,,,,,,,0.069,Close,"July 1, 2019",1563202537416.0,0,,0.0,,,,0.07,,,ORPH-LN,0.0749,0.015,3.0
268,299.0,previousclose,0.0,0.0,,,"PharmChem, Inc.",,,,,,,,,,,,,,,,,0.76,Previous close,"July 2, 2019",1588880502242.0,0,,4525906.0,,,-4.56,0.78,,,PCHM,1.5,0.6212,0.24757
269,,previousclose,,,,,"IQVIA Holdings, Inc.",,,,,,,,,,,,,,,,,,N/A,N/A,,0,,,,,,,,,IQV-MM,0.0,0.0,0.0
270,2576.0,close,0.08,0.42981,0.27,1567696803660.0,"MYnd Analytics, Inc.",0.28,1614439395484.0,,,,,0.27,0.0,0.0,0.0,0.0,0.0,,0.0,0.0,0.0,0.28,Close,"July 3, 2019",1597992834599.0,101,0.28,3587926.0,0.28,1591745119699.0,,0.19,,,MYNDW,0.86,0.06,0.8556894763368716
271,154240.0,close,0.0,0.0,1.75,1571125893702.0,"Protalix Biotherapeutics, Inc.",,,,,,,,,,,,,,,,,1.7,Close,"July 3, 2019",1586939875201.0,0,,0.0,,,,1.72,,,PLX-IT,2.84,1.1,0.38275
272,17439.0,previousclose,0.0,0.0,,,Sollensys Corp.,,,,,,,,,,,,,,,,,0.0007,Previous close,"July 2, 2019",1607380469408.0,0,,361324.0,,,-1.77,0.0007,,,SOLS,0.0028,0.0004,0.76
273,53220.0,close,20.0,0.00322,6623.0,1609734236250.0,"Biotoxtech Co., Ltd.",,,,,,,,,,,,,,,,,6586.0,Close,"July 3, 2019",1615178732199.0,0,,0.0,,,,6436.0,,,086040-KP,15081.0,6457.0,-0.205325
274,10192.0,close,10.0,0.0097,1073.0,1588474277748.0,Dr. Lal PathLabs Ltd.,,,,,,,,,,,,,,,,,1094.1,Close,"July 3, 2019",1579116728631.0,0,,0.0,,,,1092.2,,,539524-IB,1187.04,838.0,0.17685767471213026
275,49693.0,previousclose,0.0,0.0,,,Integrated Diagnostics Holdings Plc,,,,,,,,,,,,,,,,,5.0,Previous close,"July 2, 2019",1615588377238.0,0,,0.0,,,,4.9,,,IDHC-LN,5.38,3.4,0.167646
276,368875.0,previousclose,0.0,0.0,,,Spire Healthcare Group Plc,,,,,,,,,,,,,,,,,1.18,Previous close,"July 2, 2019",1627112100420.0,0,,0.0,,,,1.22,,,SPI-LN,2.66,0.9906,0.075476
277,1462.0,close,0.95,0.03731,27.58,1568142029169.0,Jeevan Scientific Technology Ltd.,,,,,,,,,,,,,,,,,27.62,Close,"July 3, 2019",1621948987487.0,0,,0.0,,,,26.0,,,538837-IB,44.64,22.33,-0.23373322227531576
278,649053.0,previousclose,0.0,0.0,,,NMC Health Plc,,,,,,,,,,,,,,,,,25.1,Previous close,"July 2, 2019",1622143981472.0,0,,0.0,,,,25.8,,,NMC-LN,45.54,21.6,-0.08408
279,344734.0,close,0.0,0.0,1.3,1601018301110.0,"Genesis Healthcare, Inc.",1.2,1614337950092.0,-0.02,-0.01727,1.2,1575442196283.0,1.25,0.0,0.0,0.0,0.0,1599205396030.0,4.682708413918709e-05,1.26,2.0,2.0,1.2,Close,"July 3, 2019",1618507190562.0,43758,1.23,196858334.0,1.26,1598063408249.0,-0.7,1.2,,,GEN,2.53,1.1,-0.055151
280,0.0,close,0.0,0.0,36.2,1623594579441.0,Aspira Pathlab & Diagnostics Ltd.,,,,,,,,,,,,,,,,,35.1,Close,"July 3, 2019",1607451311824.0,0,,0.0,,,,36.1,,,540788-IB,35.6,18.7,0.869529
281,553046.0,close,0.02,0.0004,51.83,1631831548066.0,"Syneos Health, Inc.",53.11,1585007370112.0,0.0,0.0,51.0,1591323945150.0,51.3,0.0,0.0,0.0,0.0,1592391893731.0,0.012421197287162076,51.03,40.0,3324.0,52.73,Close,"July 3, 2019",1578014588833.0,279619,51.74,5398081433.0,51.9,1623909206542.0,291.0,51.77,,,SYNH,57.15,36.51,0.296075
282,88.0,previousclose,,,,,"My Healthy Access, Inc.",,,,,,,,,,,,,,,,,,N/A,N/A,,0,,,,,,,,,MYHA,0.001,0.0001,0.0
283,0.0,previousclose,0.0,0.0,,,CompuGroup Medical SE,,,,,,,,,,,,,,,,,29.9,Previous close,"August 28, 2015",1479507012977.0,0,,,,,13.52,30.6,,,CMPUY,0.0,0.0,0.0
284,675362.0,close,1.14,0.00859,132.7,1567713319875.0,"Universal Health Services, Inc.",135.29,1612587144466.0,0.0,0.0,136.91,1611003770188.0,134.67,0.0,0.0,0.0,0.0,1564882197206.0,0.05594849002660258,134.94,9.0,18416.0,135.64,Close,"July 3, 2019",1635623204158.0,353962,132.38,12152375326.0,134.1,1603658254329.0,15.7,136.0,,,UHS,148.27,115.25,0.120194
285,36.0,previousclose,0.0,0.0,,,XLR Medical Corp.,,,,,,,,,,,,,,,,,0.3424,Previous close,"July 2, 2019",1621469389303.0,0,,0.0,,,,0.3418,,,XLRM,0.847,0.025,1.32005
286,186757.0,previousclose,0.0,0.0,,,CVS Group Plc,,,,,,,,,,,,,,,,,7.7,Previous close,"July 2, 2019",1607103941934.0,0,,0.0,,,,7.59,,,CVSG-LN,12.02,3.8,0.153063
287,,previousclose,,,,,Orpea SA,,,,,,,,,,,,,,,,,,N/A,N/A,,0,,,,,,,,,ORRRY,0.0,0.0,0.0
288,3034.0,previousclose,0.0,0.0,,,"Dental Patient Care America, Inc.",,,,,,,,,,,,,,,,,0.026,Previous close,"July 2, 2019",1563889514752.0,0,,610626.0,,,-0.84,0.026,,,DPAT,0.04,0.01,1.5
289,74.0,previousclose,0.0,0.0,,,Orpea SA,,,,,,,,,,,,,,,,,116.54,Previous close,"July 2, 2019",1632577462498.0,0,,7669124867.0,,,29.46,119.59,,,ORPEF,140.22,100.52,0.153172
290,28091.0,close,0.45,0.0035,137.3,1601644807311.0,Fortis Healthcare (India) Ltd.,,,,,,,,,,,,,,,,,138.7,Close,"July 3, 2019",1588641740892.0,0,,0.0,,,,138.5,,,532843-IB,160.3,123.14,-0.047095
291,0.0,previousclose,,,,,"Bumrungrad Hospital Public Co., Ltd.",,,,,,,,,,,,,,,,,,N/A,N/A,,0,,,,,,,,,BUHPF,7.04,5.76,0.0
292,,previousclose,,,,,"Aleafia Health, Inc.",,,,,,,,,,,,,,,,,,N/A,N/A,,0,,,,,,,,,ALEF-WT-CT,0.0,0.0,0.0
293,0.0,previousclose,0.0,0.0,,,"First Physicians Capital Group, Inc.",,,,,,,,,,,,,,,,,29.0,Previous close,"December 31, 2018",1623339401197.0,0,,345348.0,,,0.03,29.4,,,FPCG,30.0,30.2,0.0
294,10314.0,close,0.0,0.0,1.49,1589492035905.0,Gulf Medical Projects Co.,,,,,,,,,,,,,,,,,1.5,Close,"July 3, 2019",1588715046495.0,0,,0.0,,,,1.48,,,GMPC-DH,2.04,1.49,-0.176338
295,1184.0,previousclose,0.0,0.0,,,"Interpace Diagnostics Group, Inc.",,,-0.232,-0.76,0.077,1613132267766.0,,,,,,,,,,,0.3,Previous close,"January 30, 2019",1611705298748.0,0,,11882841.0,,,,0.3,,,IDGGW,0.56,0.1,0.0
296,796256.0,previousclose,0.0,0.0,,,Fresenius Medical Care AG & Co. KGaA,,,,,,,,,,,,,,,,,71.89,Previous close,"July 2, 2019",1602128543259.0,0,,0.0,,,,72.3,,,FME-GY,92.98,58.01,0.233288
297,3653.0,previousclose,0.0,0.0,,,Natur International Corp.,,,,,,,,,,,,,,,,,0.079,Previous close,"July 2, 2019",1616980547749.0,0,,10137447.0,,,-0.71,0.079,,,NTRU,0.16,0.02,0.4
298,713392.0,close,0.04,0.00023,176.58,1603779008995.0,Laboratory Corp. of America Holdings,178.53,1602669163590.0,-0.04,-0.00023,176.82,1594265436899.0,178.8,0.0,0.0,0.0,0.0,1605949838233.0,0.04072086467217325,177.602,21.0,19616.0,179.58,Close,"July 3, 2019",1601505342885.0,496446,176.7,18197359415.0,183.03,1619034912356.0,19.97,181.04,,,LH,188.96,121.14,0.412136
299,30.0,previousclose,0.0,0.0,,,IHH Healthcare Bhd.,,,,,,,,,,,,,,,,,1.38,Previous close,"July 2, 2019",1568642791064.0,0,,12230261344.0,,,87.48,1.44,,,IHHHF,1.44,1.11,0.069146
300,36770.0,previousclose,0.0,0.0,,,MOLOGEN AG,,,,,,,,,,,,,,,,,2.83,Previous close,"July 2, 2019",1586479044582.0,0,,0.0,,,,2.86,,,MGNK-GY,9.54,1.55,0.509664
301,51.0,previousclose,0.0,0.0,,,Bionik Laboratories Corp.,,,,,,,,,,,,,,,,,3.6,Previous close,"July 2, 2019",1619625110104.0,0,,1268742260.0,,,-0.92,3.6,,,BNKL,102.0,2.0,-0.301001
302,0.0,previousclose,0.0,0.0,,,CompuGroup Medical SE,,,,,,,,,,,,,,,,,60.35,Previous close,"April 12, 2019",1588280200260.0,0,,2944886556.0,,,27.45,58.46,,,CMPVF,58.44,59.3,0.014823
303,0.0,previousclose,,,,,"Cardiac Network, Inc.",,,,,,,,,,,,,,,,,,N/A,N/A,,0,,,,,,,,,CNWI,0.0,0.0,0.0
304,23902.0,close,0.22,0.01694,13.5,1632256259775.0,"Pro-Dex, Inc.",13.9,1607806021280.0,-1.78,-0.13007,12.12,1578388162069.0,13.401,0.0,0.0,0.0,0.0,0.0,,0.0,0.0,0.0,13.3,Close,"July 3, 2019",1616314057444.0,12167,13.4,56140707.0,13.21,1596861621215.0,16.92,13.6,,,PDEX,18.76,6.29,0.095582
305,0.0,previousclose,0.0,0.0,,,CellaVision AB,,,,,,,,,,,,,,,,,32.01,Previous close,"July 2, 2019",1613617544526.0,0,,740058529.0,,,68.9,32.08,,,CLVSF,33.44,22.83,0.307649
306,708577.0,close,1.71,0.01204,147.03,1626277655481.0,"Molina Healthcare, Inc.",145.31,1624324239406.0,1.53,0.01066,148.0,1597958210269.0,145.35,0.0,0.0,0.0,0.0,1593735870880.0,0.11748924061420893,147.57,52.0,32074.0,144.83,Close,"July 3, 2019",1568643292917.0,282597,142.28,9043446581.0,141.55,1604379435073.0,11.0,141.77,,,MOH,160.0,99.0,0.268931
307,0.0,previousclose,0.0,0.0,,,"Winston Pharmaceuticals, Inc.",,,,,,,,,,,,,,,,,0.026,Previous close,"July 2, 2019",1630343365410.0,0,,2025170.0,,,-0.64,0.026,,,WPHM,0.04,0.02,0.0
308,0.0,previousclose,,,,,"Response Oncology, Inc.",,,,,,,,,,,,,,,,,,N/A,N/A,,0,,,,,,,,,ROIX,0.0,0.0,0.0
309,387.0,previousclose,0.0,0.0,,,"Medical Care Technologies, Inc.",,,,,,,,,,,,,,,,,0.0001,Previous close,"July 2, 2019",1579152253360.0,0,,565.0,,,0.0,0.0001,,,MDCE,0.0002,0.0001,0.0
310,0.0,previousclose,0.0,0.0,,,HealthGate Data Corp.,,,,,,,,,,,,,,,,,0.0001,Previous close,"May 31, 2018",1582892322211.0,0,,581.0,,,0.0,0.0001,,,HGAT,0.0,0.0,0.0
311,0.0,previousclose,0.0,0.0,,,Medicover AB,,,,,,,,,,,,,,,,,9.47,Previous close,"May 31, 2019",1567682712646.0,0,,,,,,9.32,,,MCVEY,9.2,9.1,0.052718
312,185.0,previousclose,0.0,0.0,,,Ping An Healthcare & Technology Co. Ltd.,,,,,,,,,,,,,,,,,4.5,Previous close,"July 2, 2019",1640034588312.0,0,,4790205117.0,,,,4.6,,,PANHF,4.5,4.42,0.0
313,8665.0,previousclose,0.0,0.0,,,"New York Health Care, Inc.",,,,,,,,,,,,,,,,,0.0015,Previous close,"July 2, 2019",1602595908643.0,0,,52478.0,,,,0.0015,,,BBAL,0.0039,0.0009,-0.4
314,995294.0,close,0.0,0.0,0.0698,1611492439953.0,Venn Life Sciences Holdings Plc,,,,,,,,,,,,,,,,,0.0718,Close,"June 27, 2019",1602479846902.0,0,,0.0,,,,0.0711,,,VENN-LN,0.0741,0.0147,3.131678
315,0.0,previousclose,0.0,0.0,,,"Fresenius Medical Care Holdings, Inc.",,,,,,,,,,,,,,,,,107.0,Previous close,"August 28, 2015",1477079951777.0,0,,0.0,,,,106.0,,,FSMEO,0.0,0.0,0.0
316,1723.0,previousclose,0.0,0.0,,,Champion Pain Care Corp.,,,,,,,,,,,,,,,,,0.004,Previous close,"July 2, 2019",1597354425435.0,0,,492373.0,,,-0.63,0.004,,,CPAI,0.01,0.004,-0.389
317,45349.0,close,0.44,0.00758,56.0,1623282052876.0,National Research Corp.,56.0,1564711391244.0,0.0,0.0,59.0,1592841712342.0,57.931,0.0,0.0,0.0,0.0,1588951892358.0,0.009640674361776758,57.326,101.0,319.0,59.0,Close,"July 3, 2019",1634245404311.0,33146,56.36,1423053556.0,55.96,1610433188646.0,46.15,58.17,,,NRC,61.02,36.47,0.473133
318,,previousclose,,,,,Laboratory Corp. of America Holdings,,,,,,,,,,,,,,,,,,N/A,N/A,,0,,,,,,,,,LH-MM,0.0,0.0,0.0
319,1061767.0,close,0.37,0.0054,70.47,1630254099761.0,"Teladoc Health, Inc.",69.71,1630091371529.0,-0.29,-0.00434,68.0,1617875101832.0,70.87,0.0,0.0,0.0,0.0,1576534104512.0,0.014813644735960875,67.47,101.0,10887.0,69.81,Close,"July 3, 2019",1621567331018.0,749133,68.21,4836316215.0,68.75,1622319383538.0,-45.55,69.1,,,TDOC,93.1,43.81,0.408316
320,72173.0,close,-0.04,-0.03218,1.26,1586541481356.0,"Guardion Health Sciences, Inc.",1.25,1569402494633.0,0.0,0.0,1.27,1631702006131.0,1.28,0.0,0.0,0.0,0.0,0.0,,0.0,0.0,0.0,1.25,Close,"July 3, 2019",1563533535276.0,4225,1.26,28502479.0,1.29,1632588068458.0,-4.21,1.33,,,GHSI,4.0,1.2,-0.706527
321,0.0,previousclose,,,,,"Efoora Health Management, Inc.",,,,,,,,,,,,,,,,,,N/A,N/A,,0,,,,,,,,,EFOR,0.0001,0.0001,0.0
322,19848.0,previousclose,0.0,0.0,,,"Health Advance, Inc.",,,,,,,,,,,,,,,,,0.006,Previous close,"July 2, 2019",1594393099022.0,0,,268695.0,,,,0.006,,,HADV,0.029,0.0044,-0.455068
323,50696.0,previousclose,0.0,0.0,,,"Monarch Staffing, Inc.",,,,,,,,,,,,,,,,,0.0001,Previous close,"July 2, 2019",1586031843929.0,0,,2257.0,,,0.0,0.0001,,,MSTF,0.0001,0.0001,0.0
324,456338.0,close,-0.01,-0.00066,16.1,1610466969124.0,Select Medical Holdings Corp.,15.8,1578428100039.0,0.0,0.0,16.3,1598488996448.0,16.43,0.0,0.0,0.0,0.0,1605298670978.0,0.03003975256870164,16.31,79.0,3718.0,16.2,Close,"July 3, 2019",1622838000168.0,129277,16.06,2118633845.0,15.96,1623828157315.0,15.1,16.36,,,SEM,21.78,13.37,-0.008506
325,19.0,previousclose,,,,,BodyScan Corp.,,,,,,,,,,,,,,,,,,N/A,N/A,,0,,,,,,,,,BDYS,0.0001,0.0001,0.0
326,,previousclose,,,,,Cigna Corp.,,,,,,,,,,,,,,,,,,N/A,N/A,,0,,,,,,,,,CI-MM,0.0,0.0,0.0
327,8402.0,previousclose,0.0,0.0,,,"Empower Clinics, Inc.",,,,,,,,,,,,,,,,,0.1,Previous close,"July 2, 2019",1613145017738.0,0,,254729.0,,,-2.43,0.099,,,EPWCF,0.3136,0.0133,0.462482
328,,previousclose,,,,,Singapore O&G Ltd.,,,,,,,,,,,,,,,,,,N/A,N/A,,0,,,,,,,,,SNGGF,0.0,0.0,0.0
329,1110968.0,previousclose,0.0,0.0,,,"Aleafia Health, Inc.",,,,,,,,,,,,,,,,,1.36,Previous close,"July 2, 2019",1638101300705.0,0,,0.0,,,,1.39,,,ALEF-CT,2.5,0.97,-0.443201
330,6969.0,previousclose,,,,,Bangkok Dusit Medical Services Public Co. Ltd.,,,,,,,,,,,,,,,,,,N/A,N/A,,0,,,,,,,,,BDULF,0.85,0.75,0.0
331,485903.0,close,0.0,0.0,1.4,1625986333512.0,Quorum Health Corp.,1.4,1592327174897.0,0.0,0.0,1.5,1636254747080.0,1.5,0.0,0.0,0.0,0.0,1613939627600.0,0.005853454030538153,1.457,105.0,518.0,1.4,Close,"July 3, 2019",1579600868617.0,87047,1.42,45090860.0,1.39,1592685397305.0,-0.3,1.4,,,QHC,6.31,0.98,-0.57634
332,0.0,previousclose,0.0,0.0,,,Healthscope Ltd.,,,,,,,,,,,,,,,,,8.83,Previous close,"May 16, 2019",1627832460872.0,0,,,,,16.86,8.72,,,HHCSY,10.21,7.53,0.198309
333,825790.0,previousclose,0.0,0.0,,,"PaperFree Medical Solutions, Inc.",,,,,,,,,,,,,,,,,0.0004,Previous close,"July 2, 2019",1599091118548.0,0,,40197.0,,,-0.02,0.0004,,,PFMS,0.0006,0.0001,1.0
334,167926.0,previousclose,0.0,0.0,,,Protech Home Medical Corp.,,,,,,,,,,,,,,,,,0.77,Previous close,"July 2, 2019",1610532966618.0,0,,0.0,,,,0.78,,,PTQ-CV,1.11,0.5,0.16097
335,209779.0,close,0.55,0.0045,123.11,1574574155254.0,"LHC Group, Inc.",121.3,1579483275887.0,0.0,0.0,121.32,1630989137139.0,123.09,0.0,0.0,0.0,0.0,1596297866186.0,0.00649899898076958,122.2,10.0,682.0,125.68,Close,"July 3, 2019",1574666853528.0,109751,125.4,3904516233.0,123.99,1573982340407.0,50.26,125.72,,,LHCG,129.0,84.25,0.302946
336,0.0,previousclose,0.0,0.0,,,"EOS International, Inc.",,,,,,,,,,,,,,,,,0.002,Previous close,"July 2, 2019",1599947226259.0,0,,229068.0,,,-0.03,0.002,,,EOSI,0.0043,0.0016,0.0
337,3209294.0,previousclose,0.0,0.0,,,"Image Protect, Inc.",,,0.0019,0.44462,0.006,1561115233054.0,,,,,,,,,,,0.0044,Previous close,"July 2, 2019",1605132210055.0,0,,329922.0,,,-4.2,0.0042,,,IMTL,0.035,0.0033,-0.561407
338,1533305.0,close,0.1,0.00519,20.33,1588381734279.0,Tenet Healthcare Corp.,20.21,1567794433062.0,0.365,0.01944,20.562,1562192249970.0,19.962,0.0,0.0,0.0,0.0,1599150295988.0,0.017470213149587216,20.02,103.0,11211.0,20.12,Close,"July 3, 2019",1638485855734.0,645399,19.48,2047926632.0,20.06,1580592831966.0,-281.69,20.14,,,THC,41.67,16.7,0.094996
339,14441.0,previousclose,,,,,"Medical Services International, Inc.",,,,,,,,,,,,,,,,,,N/A,N/A,,0,,,,,,,,,MSITF,0.0001,0.0001,0.0
340,707.0,previousclose,0.0,0.0,,,"Premier Pacific Construction, Inc.",,,,,,,,,,,,,,,,,0.07,Previous close,"July 2, 2019",1634582888988.0,0,,371176.0,,,-13.14,0.07,,,PPCQ,0.5,0.048,0.4
341,0.0,previousclose,0.0,0.0,,,"Golden Age Resources, Inc.",,,,,,,,,,,,,,,,,0.0001,Previous close,"July 2, 2019",1609201856128.0,0,,341995.0,,,-1.0,0.0001,,,GDAR,0.0001,0.0001,0.0
342,,previousclose,,,,,TOKAI Corp. /9729/,,,,,,,,,,,,,,,,,,N/A,N/A,,0,,,,,,,,,TOKXF,0.0,0.0,0.0
343,150.0,previousclose,0.0,0.0,,,"Miraca Holdings, Inc.",,,,,,,,,,,,,,,,,26.12,Previous close,"July 2, 2019",1563768255032.0,0,,1491654243.0,,,26.2,26.37,,,MRCHF,29.49,25.63,-0.00517
344,0.0,previousclose,0.0,0.0,,,"Complete Care Medical, Inc.",,,,,,,,,,,,,,,,,0.0001,Previous close,"July 2, 2019",1630444409305.0,0,,532.0,,,0.0,0.0001,,,CCMZ,0.0,0.0,0.0
345,,previousclose,,,,,"Software Service, Inc.",,,,,,,,,,,,,,,,,,N/A,N/A,,0,,,,,,,,,SFSVF,0.0,0.0,0.0
346,,previousclose,,,,,Mediclinic International Plc,,,,,,,,,,,,,,,,,,N/A,N/A,,0,,,,,,,,,ALNRF,0.0,0.0,0.0
347,42078.0,previousclose,0.0,0.0,,,Golden Grail Technology Corp.,,,,,,,,,,,,,,,,,0.0035,Previous close,"July 2, 2019",1585723720169.0,0,,74788.0,,,-0.33,0.0035,,,GOGY,0.0061,0.0015,0.894143
348,720048.0,close,-0.34,-0.01147,30.85,1628798534169.0,"Healthcare Services Group, Inc.",30.06,1588573193460.0,-0.14,-0.00452,31.03,1565450949299.0,31.05,0.0,0.0,0.0,0.0,1585559629632.0,0.03026394721890671,31.04,105.0,9946.0,31.15,Close,"July 3, 2019",1608141668740.0,323470,30.41,2301426001.0,30.43,1574703421391.0,24.96,30.8,,,HCSG,49.49,28.24,-0.24629389660013873
349,0.0,previousclose,0.0,0.0,,,"China SHESAYS Medical Cosmetology, Inc.",,,,,,,,,,,,,,,,,0.09,Previous close,"July 2, 2019",1568880277315.0,0,,1740976.0,,,2.3,0.09,,,CSAY,0.09,0.09,0.0
350,7603564.0,close,-0.2,-0.00385,52.39,1566143650090.0,Centene Corp.,53.07,1581796183004.0,0.0,0.0,53.58,1594774190685.0,53.42,0.0,0.0,0.0,0.0,1607969234133.0,0.0538037917256527,53.19,102.0,136310.0,52.84,Close,"July 3, 2019",1595639320943.0,2594540,51.9,21334861045.0,52.4,1583872185033.0,19.34,52.12,,,CNC,74.83,47.37,-0.093175
351,1286579.0,previousclose,0.0,0.0,,,Mediclinic International Plc,,,,,,,,,,,,,,,,,3.3,Previous close,"July 2, 2019",1628865433775.0,0,,0.0,,,,3.29,,,MDC-LN,5.62,2.91,0.005894
352,0.0,close,0.0,0.0,21.4,1607351768136.0,Indo-Global Enterprises Ltd.,,,,,,,,,,,,,,,,,21.0,Close,"July 3, 2019",1617133558511.0,0,,0.0,,,,20.6,,,539433-IB,21.1,21.1,0.0
353,298768.0,close,0.08,0.00433,19.46,1564327040913.0,The Joint Corp. (United States),19.95,1622742542585.0,0.0,0.0,19.17,1575736350945.0,19.42,0.0,0.0,0.0,0.0,1582373826093.0,0.03884559698469954,19.59,93.0,2814.0,19.77,Close,"July 3, 2019",1565654229664.0,79453,19.36,270569731.0,19.84,1567021298120.0,168.18,18.97,,,JYNT,20.32,6.71,1.31213
354,6563.0,previousclose,0.0,0.0,,,"Tongji Healthcare Group, Inc.",,,,,,,,,,,,,,,,,0.0646,Previous close,"July 2, 2019",1575658985262.0,0,,1021905.0,,,-0.26,0.0641,,,TONJ,0.2,0.02,-0.495444
355,980793.0,close,-0.0045,-0.02617,0.1742,1610803845721.0,"Cancer Genetics, Inc.",0.174,1596270060585.0,0.0111,0.06705,0.1843,1609182655570.0,0.19,0.0,0.0,0.0,0.0,1593104536609.0,0.001032483964910652,0.181,98.0,407.0,0.172,Close,"July 3, 2019",1586993971263.0,397921,0.169,10126628.0,0.1801,1587746251016.0,-0.26,0.18,,,CGIX,1.3,0.1579,-0.32523
356,1054.0,previousclose,0.0,0.0,,,"Southwestern Medical Solutions, Inc.",,,,,,,,,,,,,,,,,0.0018,Previous close,"July 2, 2019",1564049365618.0,0,,0.0,,,,0.0019,,,SWNM,0.004,0.0001,0.0
357,785186.0,close,-0.18,-0.00293,64.16,1570031573318.0,Encompass Health Corp.,64.93,1619951589296.0,0.18,0.00289,64.3,1636312667320.0,65.07,0.0,0.0,0.0,0.0,1569197039691.0,0.051638507993611076,63.89,1.0,37801.0,65.57,Close,"July 3, 2019",1581926218412.0,745622,63.76,6546560937.0,63.58,1577611990350.0,20.36,65.1,,,EHC,86.08,57.92,0.035213
358,854227.0,close,-0.89,-0.00318,289.21,1576622476618.0,"WellCare Health Plans, Inc.",294.2,1639113633694.0,0.53,0.00189,293.07,1581725451898.0,296.44,0.0,0.0,0.0,0.0,1598046932613.0,0.05492967256860028,295.38,10.0,12609.0,283.35,Close,"July 3, 2019",1562880879762.0,235458,288.5,14383050957.0,286.3,1636052039547.0,27.53,293.93,,,WCG,329.42,222.98,0.210355
359,177.0,previousclose,0.0,0.0,,,Raffles Medical Group Ltd.,,,,,,,,,,,,,,,,,0.786,Previous close,"July 2, 2019",1639098452366.0,0,,1448463395.0,,,28.16,0.805,,,RAFLF,0.87,0.759,-0.004644
360,1772.0,previousclose,0.0,0.0,,,Ramsay Générale de Santé SA,,,,,,,,,,,,,,,,,19.1,Previous close,"July 2, 2019",1608120435548.0,0,,0.0,,,,19.3,,,GDS-FP,22.9,16.36,-0.069412
361,0.0,previousclose,,,,,"Indie Ranch Media, Inc.",,,,,,,,,,,,,,,,,,N/A,N/A,,0,,,,,,,,,INDR,0.0,0.0,0.0
362,76606.0,previousclose,0.0,0.0,,,H-Source Holdings Ltd.,,,,,,,,,,,,,,,,,0.057,Previous close,"July 2, 2019",1580448637770.0,0,,0.0,,,,0.057,,,HSI-CV,0.24,0.03,-0.39089
363,960.0,close,0.25,0.01738,15.0,1623656574203.0,Dr. Lalchandani Labs Ltd.,,,,,,,,,,,,,,,,,15.0,Close,"July 3, 2019",1599726791908.0,0,,0.0,,,,14.78,,,541299-IB,32.3,15.04,-0.3166
364,610490.0,previousclose,0.0,0.0,,,Physiomics Plc,,,,,,,,,,,,,,,,,0.032,Previous close,"July 2, 2019",1636107471875.0,0,,0.0,,,,0.033,,,PYC-LN,0.0582,0.0295,-0.151657
365,0.0,previousclose,,,,,Pasha Brands Ltd.,,,,,,,,,,,,,,,,,,N/A,N/A,,0,,,,,,,,,BCP-CV,0.3,0.22,0.0
366,62048.0,close,-14.4,-0.01065,1344.0,1592373424082.0,Apollo Hospitals Enterprise Ltd.,,,,,,,,,,,,,,,,,1343.6,Close,"July 3, 2019",1596098493890.0,0,,0.0,,,,1423.39,,,508869-IB,1437.0,926.5,0.055085838499034784
367,,previousclose,,,,,Esperite NV,,,,,,,,,,,,,,,,,,N/A,N/A,,0,,,,,,,,,CRYVF,0.0,0.0,0.0
368,0.0,previousclose,0.0,0.0,,,Personalized Nursing Services SA,,,,,,,,,,,,,,,,,1.04,Previous close,"July 2, 2019",1567801693869.0,0,,0.0,,,,1.04,,,PNSB-BB,2.73,1.03,-0.56621
369,0.0,previousclose,,,,,All-Q-Tell Corp.,,,,,,,,,,,,,,,,,,N/A,N/A,,0,,,,,,,,,ALLQ,0.0001,0.0001,0.0
370,2102.0,previousclose,0.0,0.0,,,"Bellatora, Inc.",,,,,,,,,,,,,,,,,0.0014,Previous close,"July 2, 2019",1609317363041.0,0,,55628.0,,,0.0,0.0013,,,ECGR,0.016,0.0013,-0.36
371,141556.0,previousclose,0.0,0.0,,,"Viemed Healthcare, Inc.",,,,,,,,,,,,,,,,,9.48,Previous close,"July 2, 2019",1581396021570.0,0,,0.0,,,,9.53,,,VMD-CT,11.0,3.74,0.762326
372,295942.0,close,0.31,0.00542,59.28,1596144093972.0,"The Ensign Group, Inc.",59.35,1614379877790.0,0.0,0.0,60.21,1635134160010.0,59.64,0.0,0.0,0.0,0.0,1629941016989.0,0.01877682155051239,59.113,100.0,1848.0,59.6,Close,"July 3, 2019",1618659872392.0,100129,59.88,3210732832.0,59.26,1565530933042.0,32.39,60.29,,,ENSG,60.45,34.78,0.513459
373,47.0,previousclose,0.0,0.0,,,Pihlajalinna Oyj,,,,,,,,,,,,,,,,,12.54,Previous close,"July 2, 2019",1598833948917.0,0,,278435176.0,,,38.6,12.41,,,PIHLF,13.77,10.09,0.228643
374,81868008.0,previousclose,0.0,0.0,,,WideCells Group plc,,,,,,,,,,,,,,,,,0.0032,Previous close,"July 2, 2019",1577667623024.0,0,,0.0,,,,0.0032,,,WDC-LN,0.03,0.0015,0.637717
375,7448.0,previousclose,0.0,0.0,,,"Capital Group Holdings, Inc.",,,,,,,,,,,,,,,,,0.0023,Previous close,"July 2, 2019",1609433538201.0,0,,192151.0,,,-0.08,0.0022,,,CGHC,0.0076,0.0022,-0.297658
376,141510.0,previousclose,0.0,0.0,,,"The Amacore Group, Inc.",,,,,,,,,,,,,,,,,0.0008,Previous close,"July 2, 2019",1617901341223.0,0,,840906.0,,,-0.03,0.0008,,,ACGI,0.0026,0.0002,1.0
377,,previousclose,,,,,"Humana, Inc.",,,,,,,,,,,,,,,,,,N/A,N/A,,0,,,,,,,,,HUM-MM,0.0,0.0,0.0
378,39.0,close,0.0,0.0,5.05,1574423234070.0,Looks Health Services Ltd.,,,,,,,,,,,,,,,,,5.01,Close,"July 3, 2019",1575934619865.0,0,,0.0,,,,5.02,,,534422-IB,16.0,4.76,-0.194264
379,239339.0,close,0.22,0.0054,41.6,1597698205367.0,Fresenius Medical Care AG & Co. KGaA,40.46,1625236539437.0,0.01,0.00025,40.12,1576876203322.0,41.9,0.0,0.0,0.0,0.0,1568397950118.0,0.04220809986704127,41.61,2.0,2434.0,40.37,Close,"July 3, 2019",1639527903109.0,57526,39.78,,41.63,1597874363415.0,10.92,41.23,,,FMS,54.5,32.45,0.229848
380,777912.0,close,0.11,0.00336,35.1,1587247537916.0,"Acadia Healthcare Co., Inc.",35.9,1562224251589.0,-0.039,-0.00119,35.097,1631463571879.0,35.66,0.0,0.0,0.0,0.0,1612387970426.0,0.04814936853164522,35.67,103.0,12166.0,35.5,Close,"July 3, 2019",1591848202774.0,248653,34.0,3060779425.0,35.25,1620762674918.0,-15.76,35.71,,,ACHC,46.84,24.71,0.339607
381,198.0,previousclose,0.0,0.0,,,Ramsay Health Care Ltd.,,,,,,,,,,,,,,,,,50.41,Previous close,"July 2, 2019",1630008858413.0,0,,10067175164.0,,,34.44,50.75,,,RMSYF,50.76,38.28,0.228995
382,0.0,previousclose,0.0,0.0,,,"OJsys, Inc.",,,,,,,,,,,,,,,,,0.0012,Previous close,"February 14, 2019",1589485362777.0,0,,0.0,,,,0.0012,,,OJSY,0.0084,0.0012,0.0
383,7.0,previousclose,0.0,0.0,,,HQDA Elderly Life Network Corp.,,,,,,,,,,,,,,,,,4.04,Previous close,"July 2, 2019",1632250180947.0,0,,577368147.0,,,-8.98,4.09,,,HQDA,5.0,1.0,1.006285
384,165047.0,close,0.01,0.00702,1.5,1636117438441.0,"MYnd Analytics, Inc.",1.511,1611461142599.0,-0.04,-0.02799,1.47,1578707348344.0,1.53,0.0,0.0,0.0,0.0,1577306520679.0,0.009291131300874387,1.57,100.0,930.0,1.5,Close,"July 3, 2019",1600926037815.0,100318,1.45,19601825.0,1.6,1600116806969.0,-1.21,1.55,,,MYND,2.9,0.65,1.037016
385,18493.0,previousclose,0.0,0.0,,,Fresenius Medical Care AG & Co. KGaA,,,,,,,,,,,,,,,,,81.62,Previous close,"July 2, 2019",1583284083733.0,0,,25457559178.0,,,11.1,83.61,,,FMCQF,108.72,65.0,0.244965
386,79038845.0,previousclose,0.0,0.0,,,Marathon Group Corp.,,,,,,,,,,,,,,,,,0.0002,Previous close,"July 2, 2019",1573914414092.0,0,,0.0,,,,0.0002,,,PDPR,0.0055,0.0001,-0.955782
387,1571118.0,close,2.15,0.00788,294.72,1638341845047.0,"Anthem, Inc.",287.94,1620421375645.0,-1.86,-0.00657,282.0,1590360659208.0,295.81,0.0,0.0,0.0,0.0,1613113553479.0,0.028156741021986616,285.0,43.0,19941.0,292.19,Close,"July 3, 2019",1562326041205.0,753205,291.4,75865630137.0,281.66,1636647184491.0,18.81,288.78,,,ANTM,319.3,234.31,0.111108
388,1622.0,previousclose,0.0,0.0,,,"Extendicare, Inc.",,,,,,,,,,,,,,,,,6.55,Previous close,"July 2, 2019",1619090243683.0,0,,580248267.0,,,25.5,6.61,,,EXETF,6.65,4.34,0.379349
389,13210.0,previousclose,0.0,0.0,4.2,1577853009263.0,"IMAC Holdings, Inc.",,,,,0.0,1627352282853.0,,0.0,0.0,0.0,0.0,0.0,,0.0,0.0,0.0,4.3,Previous close,"July 2, 2019",1622535181058.0,8,,36414596.0,4.49,1623318636184.0,-6.84,4.3,,,IMAC,7.4,2.7,0.143025
390,45719.0,previousclose,0.0,0.0,,,"Greenbrook Tms, Inc.",,,,,,,,,,,,,,,,,3.38,Previous close,"July 2, 2019",1601122217691.0,0,,0.0,,,,3.33,,,GTMS-CT,4.26,2.5,0.164707
391,348210.0,close,0.5,0.0042,125.99,1569455512408.0,"Amedisys, Inc.",122.91,1638843561056.0,0.0,0.0,121.49,1565675018218.0,126.21,0.0,0.0,0.0,0.0,1563566231576.0,0.048877785818125956,122.4,102.0,7149.0,125.73,Close,"July 3, 2019",1569599269043.0,149735,123.35,3862121682.0,124.99,1639661685447.0,32.58,124.52,,,AMED,141.8,92.7,0.04618
392,3018.0,previousclose,0.0,0.0,,,"SQI Diagnostics, Inc.",,,,,,,,,,,,,,,,,0.12,Previous close,"July 2, 2019",1564618801360.0,0,,22281836.0,,,-2.85,0.117,,,SQIDF,0.138,0.045,1.685035
393,11530.0,previousclose,0.0,0.0,,,"Pressure BioSciences, Inc.",,,,,,,,,,,,,,,,,3.8,Previous close,"July 2, 2019",1580456273782.0,0,,7126399.0,,,-0.23,3.9,,,PBIO,4.1,1.59,0.591774
394,10.0,previousclose,0.0,0.0,,,Netcare Ltd.,,,,,,,,,,,,,,,,,12.55,Previous close,"July 2, 2019",1576859516176.0,0,,,,,10.92,12.79,,,NWKHY,20.65,12.4,-0.35288
395,1527259.0,close,0.58,0.00358,167.66,1578011341493.0,"IQVIA Holdings, Inc.",164.86,1600437349530.0,0.0,0.0,168.8,1602181327255.0,164.97,0.0,0.0,0.0,0.0,1577350472741.0,0.08620324263020532,164.45,36.0,68536.0,168.02,Close,"July 3, 2019",1599640697006.0,822291,163.47,33165469424.0,168.41,1607829878891.0,133.22,166.17,,,IQV,169.94,103.66,0.429717
396,,previousclose,,,,,Apollo Hospitals Enterprise Ltd.,,,,,,,,,,,,,,,,,,N/A,N/A,,0,,,,,,,,,APOQF,0.0,0.0,0.0
397,21.0,previousclose,0.0,0.0,,,Ramsay Health Care Ltd.,,,,,,,,,,,,,,,,,12.94,Previous close,"July 2, 2019",1591423269156.0,0,,,,,35.1,13.02,,,RMYHY,12.99,9.94,0.220947
398,125.0,previousclose,0.0,0.0,,,Terveystalo Oyj,,,,,,,,,,,,,,,,,10.0,Previous close,"July 2, 2019",1632754250457.0,0,,1313905086.0,,,19.67,10.0,,,TTALF,12.42,8.16,0.118127
399,25455.0,previousclose,0.0,0.0,,,Protech Home Medical Corp.,,,,,,,,,,,,,,,,,0.6262,Previous close,"July 2, 2019",1602911316488.0,0,,52974621.0,,,-128.22,0.6368,,,PHMZF,1.0,0.25,0.563847
400,6856.0,previousclose,0.0,0.0,,,LNA Santé SA,,,,,,,,,,,,,,,,,44.39,Previous close,"July 2, 2019",1571576524369.0,0,,0.0,,,,46.2,,,LNA-FP,59.0,42.9,-0.010095
401,4447.0,previousclose,0.0,0.0,,,"Akumin, Inc.",,,,,,,,,,,,,,,,,5.07,Previous close,"July 2, 2019",1594809993678.0,0,,0.0,,,,4.98,,,AKU-CT,7.39,4.01,0.216
402,0.0,previousclose,,,,,"Civitas Solutions, Inc.",176172.0,95063178.0,,,,,181118.0,0.0,0.0,0.0,0.0,0.0,,0.0,0.0,0.0,,N/A,N/A,,0,178901.0,,,,,,hS otYnNkrEkc ageo wecx,vthcersH eaeliS,CIVI,177224.0,0.0,0.0
403,59.0,previousclose,0.0,0.0,,,Siemens Healthineers AG,,,,,,,,,,,,,,,,,43.9,Previous close,"July 2, 2019",1608321744508.0,0,,45078178849.0,,,27.2,43.7,,,SEMHF,47.3,40.35,-0.015133
404,5949644.0,previousclose,0.0,0.0,,,American Diversified Holdings Corp.,,,,,,,,,,,,,,,,,0.0033,Previous close,"July 2, 2019",1587965223512.0,0,,0.0,,,0.0,0.0034,,,ADHC,0.056,0.0011,-0.26
405,,previousclose,,,,,"Bumrungrad Hospital Public Co., Ltd.",,,,,,,,,,,,,,,,,,N/A,N/A,,0,,,,,,,,,BUGDF,0.0,0.0,0.0
406,109826.0,previousclose,0.0,0.0,,,Orpea SA,,,,,,,,,,,,,,,,,107.3,Previous close,"July 2, 2019",1564613675209.0,0,,0.0,,,,110.4,,,ORP-FP,128.9,83.74,0.205879
407,33617.0,previousclose,0.0,0.0,,,Sonic Healthcare Ltd.,,,,,,,,,,,,,,,,,20.0,Previous close,"July 2, 2019",1609798123290.0,0,,,,,24.1,20.0,,,SKHHY,20.25,15.3,0.243774
408,98230.0,close,0.13,0.00552,25.46,1622649114782.0,Triple-S Management Corp.,25.3,1606897850551.0,0.0,0.0,25.39,1592269594115.0,25.58,0.0,0.0,0.0,0.0,1633526750907.0,0.04415586649227714,25.72,313.0,1731.0,25.09,Close,"July 3, 2019",1613493884259.0,39189,25.459,569963167.0,25.17,1624063700789.0,-18.2,24.75,,,GTS,41.47,15.74,0.39803
409,1127.0,previousclose,0.0,0.0,,,"Health Revenue Assurance Holdings, Inc.",,,,,,,,,,,,,,,,,0.0009,Previous close,"July 2, 2019",1632929736059.0,0,,51443.0,,,-0.01,0.0009,,,HRAA,0.0025,0.0007,0.128
410,,previousclose,,,,,"UnitedHealth Group, Inc.",,,,,,,,,,,,,,,,,,N/A,N/A,,0,,,,,,,,,UNH-MM,0.0,0.0,0.0
411,1093.0,close,33.84,0.03606,1009.5,1595171037678.0,Metropolis Healthcare Ltd.,,,,,,,,,,,,,,,,,1011.6,Close,"July 3, 2019",1606974989952.0,0,,0.0,,,,987.3,,,542650-IB,1031.86,938.46,0.058984
412,0.0,close,0.0,0.0,12.0,1611851080029.0,Kids Medical Systems Ltd.,,,,,,,,,,,,,,,,,12.0,Close,"July 3, 2019",1634457372155.0,0,,0.0,,,,12.0,,,540812-IB,26.58,12.08,0.0
413,1385.0,close,0.0,0.0,6.86,1596024376465.0,Chennai Meenakshi Multispeciality Hospital Ltd.,,,,,,,,,,,,,,,,,6.8,Close,"July 3, 2019",1574815181100.0,0,,0.0,,,,6.76,,,523489-IB,20.88,6.33,-0.464698
414,101667.0,previousclose,0.0,0.0,,,Centric Health Corp.,,,,,,,,,,,,,,,,,0.189,Previous close,"July 2, 2019",1596340097930.0,0,,0.0,,,,0.19,,,CHH-CT,0.434,0.17,-0.36532
415,,previousclose,,,,,Eurofins Scientific SE,,,,,,,,,,,,,,,,,,N/A,N/A,,0,,,,,,,,,ERRFY,0.0,0.0,0.0
416,7294.0,previousclose,0.0,0.0,,,Bastide Le Confort Medical SA,,,,,,,,,,,,,,,,,41.0,Previous close,"July 2, 2019",1582473336689.0,0,,0.0,,,,40.0,,,BLC-FP,50.1,25.4,0.473155
417,,previousclose,,,,,"China Resources Medical Holdings Co., Ltd.",,,,,,,,,,,,,,,,,,N/A,N/A,,0,,,,,,,,,CRXXF,0.0,0.0,0.0
418,53993.0,previousclose,0.0,0.0,,,Medica Group Plc,,,,,,,,,,,,,,,,,1.31,Previous close,"July 2, 2019",1572327489562.0,0,,0.0,,,,1.33,,,MGP-LN,1.72,1.1,0.02
419,5140.0,previousclose,0.0,0.0,,,M1 Kliniken AG,,,,,,,,,,,,,,,,,12.99,Previous close,"July 2, 2019",1615496074359.0,0,,0.0,,,,13.22,,,M12-GY,18.5,10.3,-0.113684
420,,previousclose,,,,,"CareNet, Inc. (Japan)",,,,,,,,,,,,,,,,,,N/A,N/A,,0,,,,,,,,,CENEF,0.0,0.0,0.0
